name,stars,forks,language,license
freeCodeCamp,416557,39804,TypeScript,BSD-3-Clause
build-your-own-x,371934,34595,Markdown,
awesome,356267,28913,,CC0-1.0
free-programming-books,354972,63177,HTML,CC-BY-4.0
public-apis,335700,35517,Python,MIT
coding-interview-university,314369,78388,,CC-BY-SA-4.0
developer-roadmap,313775,40801,TypeScript,NOASSERTION
system-design-primer,296475,49291,Python,NOASSERTION
996.ICU,270527,21098,,NOASSERTION
awesome-python,240562,25552,Python,NOASSERTION
react,234616,48266,JavaScript,MIT
awesome-selfhosted,224798,10523,,NOASSERTION
project-based-learning,224434,29340,,MIT
vue,208705,33740,TypeScript,MIT
Python,199462,46576,Python,MIT
linux,191745,55517,C,NOASSERTION
javascript-algorithms,190941,30637,JavaScript,MIT
tensorflow,189393,74642,C++,Apache-2.0
You-Dont-Know-JS,181770,33611,,NOASSERTION
CS-Notes,179786,51208,,
computer-science,178143,22580,HTML,MIT
ohmyzsh,177697,26042,Shell,MIT
AutoGPT,174510,45565,Python,NOASSERTION
bootstrap,172182,79066,MDX,MIT
vscode,170069,31580,TypeScript,MIT
flutter,169775,28366,Dart,BSD-3-Clause
gitignore,165766,83071,,CC0-1.0
Python-100-Days,164120,53479,Jupyter Notebook,
the-book-of-secret-knowledge,163285,10255,,MIT
the-art-of-command-line,155578,14652,,
stable-diffusion-webui,151308,28153,Python,AGPL-3.0
JavaGuide,149212,45797,Java,Apache-2.0
javascript,146550,26736,JavaScript,MIT
transformers,143051,28658,Python,Apache-2.0
awesome-go,141908,12217,Go,MIT
ollama,137498,11437,Go,MIT
youtube-dl,135152,10288,Python,Unlicense
Microsoft-Activation-Scripts,131203,12797,Batchfile,GPL-3.0
next.js,131094,28163,JavaScript,MIT
fucking-algorithm,127591,23352,Markdown,
go,127220,17976,Go,BSD-3-Clause
tech-interview-handbook,125279,15294,TypeScript,MIT
30-seconds-of-code,123403,12132,JavaScript,CC-BY-4.0
awesome-chatgpt-prompts,123047,16475,JavaScript,CC0-1.0
react-native,121557,24590,C++,MIT
scrcpy,120688,11363,C,Apache-2.0
PowerToys,117398,6940,C#,MIT
electron,116409,15984,C++,MIT
kubernetes,114460,40371,Go,Apache-2.0
free-programming-books-zh_CN,113374,28301,,GPL-3.0
hello-algo,111653,13906,Java,NOASSERTION
node,110630,31297,JavaScript,NOASSERTION
d3,110393,22876,Shell,ISC
yt-dlp,107810,8467,Python,Unlicense
axios,106690,11123,JavaScript,MIT
langchain,105752,17172,Jupyter Notebook,MIT
three.js,105730,35695,JavaScript,MIT
TypeScript,104030,12795,TypeScript,Apache-2.0
create-react-app,103148,27006,JavaScript,MIT
rust,102740,13263,Rust,NOASSERTION
deno,102628,5553,Rust,MIT
nodebestpractices,102365,10409,Dockerfile,CC-BY-SA-4.0
HelloGitHub,101437,9893,Python,
terminal,97696,8519,C++,MIT
excalidraw,97602,9468,TypeScript,MIT
angular,97499,26119,TypeScript,MIT
godot,96227,22168,C++,MIT
DeepSeek-V3,95680,15524,Python,MIT
material-ui,95359,32542,TypeScript,MIT
free-for-dev,94730,10245,HTML,
ant-design,94275,51962,TypeScript,MIT
clean-code-javascript,92782,12412,JavaScript,MIT
frp,92700,13918,Go,Apache-2.0
iptv,92437,3377,TypeScript,Unlicense
papers-we-love,92362,5898,Shell,
dify,92262,13748,TypeScript,NOASSERTION
tauri,91540,2807,Rust,Apache-2.0
thefuck,91463,3673,Python,MIT
Awesome-Hacking,91339,9220,,CC0-1.0
java-design-patterns,91309,26912,Java,NOASSERTION
puppeteer,90385,9186,TypeScript,Apache-2.0
open-webui,89738,11268,JavaScript,BSD-3-Clause
vue-element-admin,89130,30566,Vue,MIT
pytorch,89048,23861,Python,NOASSERTION
neovim,88692,6021,Vim Script,NOASSERTION
DeepSeek-R1,88490,11425,,MIT
Web-Dev-For-Beginners,87311,13130,JavaScript,MIT
tailwindcss,87171,4488,TypeScript,MIT
rustdesk,86893,12246,Rust,AGPL-3.0
every-programmer-should-know,86885,7994,,CC-BY-4.0
storybook,86392,9502,TypeScript,MIT
ui,85402,5757,TypeScript,MIT
nvm,83986,8649,Shell,MIT
fastapi,83358,7229,Python,MIT
django,83192,32486,Python,BSD-3-Clause
app-ideas,82929,9681,,MIT
bitcoin,82922,37067,C++,MIT
NextChat,82788,61130,TypeScript,MIT
svelte,82264,4473,JavaScript,MIT
awesome-mac,82015,6475,JavaScript,CC0-1.0
n8n,81799,21843,TypeScript,NOASSERTION
gin,81761,8180,Go,MIT
opencv,81707,56117,C++,Apache-2.0
animate.css,81578,16223,CSS,NOASSERTION
realworld,81438,7427,TypeScript,MIT
supabase,81009,8289,TypeScript,Apache-2.0
laravel,80603,24308,Blade,
whisper,80054,9613,Python,MIT
mall,79920,29176,Java,Apache-2.0
hugo,79529,7739,Go,Apache-2.0
FiraCode,78739,3127,Clojure,OFL-1.1
generative-ai-for-beginners,78431,40699,Jupyter Notebook,MIT
llama.cpp,78222,11410,C++,MIT
v2rayN,78198,12484,C#,GPL-3.0
mermaid,78160,7371,TypeScript,MIT
core,78107,33282,Python,Apache-2.0
bun,77496,3027,Zig,NOASSERTION
models,77485,45624,Python,NOASSERTION
advanced-java,77447,19177,Java,CC-BY-SA-4.0
spring-boot,76819,41085,Java,Apache-2.0
manim,76809,6655,Python,MIT
LeetCodeAnimation,75828,13984,Java,
Font-Awesome,74944,12201,JavaScript,NOASSERTION
ComfyUI,74390,8072,Python,GPL-3.0
awesome-interview-questions,74360,9056,,
netdata,74263,6046,C,GPL-3.0
json-server,74033,7126,JavaScript,NOASSERTION
devops-exercises,73962,16434,Python,NOASSERTION
awesome-for-beginners,73220,7222,,
gpt4all,73121,7961,C++,MIT
awesome-vue,72789,9473,,MIT
github-readme-stats,72575,24423,JavaScript,MIT
funNLP,72478,14790,Python,
elasticsearch,72359,25166,Java,NOASSERTION
HowToCook,72240,9022,Dockerfile,Unlicense
vite,72119,6608,TypeScript,MIT
ML-For-Beginners,71872,15483,HTML,MIT
playwright,71721,4076,TypeScript,Apache-2.0
system-design-101,71693,7612,,NOASSERTION
hoppscotch,71162,4875,TypeScript,MIT
code-server,71016,5869,TypeScript,MIT
nest,70448,7822,TypeScript,MIT
stable-diffusion,70361,10391,Jupyter Notebook,NOASSERTION
Front-End-Checklist,69858,6476,,CC0-1.0
screenshot-to-code,69561,8573,Python,MIT
moby,69548,18733,Go,Apache-2.0
syncthing,69443,4482,Go,MPL-2.0
fzf,69439,2492,Go,MIT
flask,69324,16362,Python,BSD-3-Clause
redis,68729,23960,C,NOASSERTION
reveal.js,68705,16704,JavaScript,MIT
node,68514,2674,Shell,MIT
cs-video-courses,68489,9261,,
d2l-zh,68474,11543,Python,Apache-2.0
swift,68435,10452,C++,Apache-2.0
gpt_academic,68200,8335,Python,GPL-3.0
awesome-react,67643,7323,,
awesome-machine-learning,67584,14849,Python,NOASSERTION
grafana,67523,12542,TypeScript,AGPL-3.0
protobuf,67291,15670,C++,NOASSERTION
uptime-kuma,67229,5911,JavaScript,MIT
express,66759,18214,JavaScript,MIT
Best-websites-a-programmer-should-visit,66594,8112,,MIT
cpython,66322,31606,Python,NOASSERTION
tesseract,66183,9827,C++,Apache-2.0
strapi,66138,8481,TypeScript,NOASSERTION
Ventoy,66099,4231,C,GPL-3.0
superset,65734,14853,TypeScript,Apache-2.0
Chart.js,65716,11941,JavaScript,MIT
webpack,65204,9075,JavaScript,MIT
33-js-concepts,65022,9090,JavaScript,MIT
imgui,64778,10784,C++,MIT
ansible,64745,24015,Python,GPL-3.0
PayloadsAllTheThings,64706,15242,Python,MIT
interviews,64078,12915,Java,MIT
gpt4free,64047,13606,Python,GPL-3.0
javascript-questions,63769,9074,,MIT
immich,63723,3336,TypeScript,AGPL-3.0
sherlock,63677,7367,Python,MIT
obs-studio,63544,8330,C,GPL-2.0
caddy,63522,4259,Go,Apache-2.0
echarts,63239,19712,TypeScript,Apache-2.0
the-algorithm,63094,12163,Scala,AGPL-3.0
openai-cookbook,63092,10232,MDX,MIT
tabby,63065,3563,TypeScript,MIT
awesome-cpp,63047,7956,,MIT
keras,62877,19576,Python,Apache-2.0
awesome-public-datasets,62849,10100,,MIT
nocode,62550,4742,Dockerfile,Apache-2.0
resume.github.com,62366,1357,JavaScript,
sway,62353,5388,Rust,Apache-2.0
SecLists,62158,24281,PHP,MIT
AppFlowy,62134,4180,Dart,AGPL-3.0
cs-self-learning,62117,7221,HTML,MIT
socket.io,61911,10142,TypeScript,MIT
scikit-learn,61764,25766,Python,BSD-3-Clause
Apollo-11,61634,7186,Assembly,NOASSERTION
awesome-scalability,61455,6214,,MIT
Java,61336,19859,Java,MIT
redux,61144,15252,TypeScript,MIT
awesome-nodejs,60583,6015,,CC0-1.0
new-pac,60490,9890,Python,
design-resources-for-developers,60403,11692,,MIT
atom,60392,17358,JavaScript,MIT
lodash,60341,7065,JavaScript,NOASSERTION
Front-end-Developer-Interview-Questions,60234,11100,Nunjucks,MIT
architect-awesome,60141,17801,,
localsend,60091,3209,Dart,Apache-2.0
annotated_deep_learning_paper_implementations,60028,6071,Python,MIT
awesome-courses,60004,8199,,
markdown-here,59877,11229,JavaScript,MIT
act,59730,1515,Go,MIT
jquery,59490,20618,JavaScript,MIT
docusaurus,59390,8983,TypeScript,MIT
open-interpreter,59117,5036,Python,AGPL-3.0
lobe-chat,58905,12481,TypeScript,NOASSERTION
lazygit,58879,2015,Go,MIT
shadowsocks-windows,58757,16363,C#,NOASSERTION
angular.js,58746,27413,JavaScript,MIT
localstack,58615,4144,Python,NOASSERTION
alacritty,58345,3097,Rust,Apache-2.0
prometheus,58176,9525,Go,Apache-2.0
llama,58105,9739,Python,NOASSERTION
spring-framework,57846,38429,Java,Apache-2.0
fuel-core,57717,2842,Rust,NOASSERTION
rustlings,57692,10551,Rust,MIT
anime,57621,3943,JavaScript,MIT
nerd-fonts,57324,3732,CSS,NOASSERTION
zed,57089,3903,Rust,NOASSERTION
html5-boilerplate,56894,12283,JavaScript,MIT
nuxt,56803,5218,TypeScript,MIT
rails,56751,21815,Ruby,MIT
ghidra,56296,6293,Java,Apache-2.0
browser-use,56220,6023,Python,MIT
Stirling-PDF,56022,4664,Java,MIT
DeepLearning-500-questions,55817,15961,JavaScript,GPL-3.0
gatsby,55814,10290,JavaScript,MIT
private-gpt,55642,7456,Python,Apache-2.0
leetcode-master,55531,11950,Shell,
awesome-flutter,55506,6735,Dart,
you-get,55473,9746,Python,NOASSERTION
leetcode,55246,9481,JavaScript,NOASSERTION
langflow,55178,6038,Python,MIT
Prompt-Engineering-Guide,55076,5412,MDX,MIT
clash-verge-rev,55001,4273,TypeScript,GPL-3.0
scrapy,54907,10748,Python,BSD-3-Clause
tldr,54779,4428,Markdown,NOASSERTION
awesome-chatgpt-prompts-zh,54739,13568,,MIT
MetaGPT,54628,6483,Python,MIT
face_recognition,54592,13591,Python,MIT
react-router,54580,10543,TypeScript,MIT
git,54420,26116,C,NOASSERTION
union,54303,2714,Rust,Apache-2.0
element,54231,14632,Vue,MIT
traefik,54198,5296,Go,MIT
weekly,54144,3182,,
Real-Time-Voice-Cloning,53989,8941,Python,NOASSERTION
drawio-desktop,53899,5233,JavaScript,Apache-2.0
gpt-engineer,53883,7060,Python,MIT
nocodb,53773,3768,TypeScript,AGPL-3.0
ChatGPT,53693,6064,Rust,
faceswap,53678,13368,Python,GPL-3.0
yolov5,53434,16823,Python,AGPL-3.0
mkcert,53121,2785,Go,BSD-3-Clause
openpilot,53121,9627,Python,MIT
normalize.css,53029,10593,CSS,MIT
OpenHands,52902,5886,Python,MIT
uBlock,52765,3448,JavaScript,GPL-3.0
requests,52741,9426,Python,Apache-2.0
Magisk,52232,13650,C++,GPL-3.0
bat,52211,1292,Rust,Apache-2.0
awesome-android-ui,52196,10220,,MIT
hackingtool,52183,5622,Python,MIT
project-layout,51915,5298,Makefile,NOASSERTION
minio,51804,5772,Go,AGPL-3.0
ripgrep,51719,2103,Rust,Unlicense
rich,51717,1822,Python,MIT
zustand,51666,1645,TypeScript,MIT
ionic-framework,51622,13472,TypeScript,MIT
pi-hole,51490,2803,Shell,NOASSERTION
material-design-icons,51390,9643,,Apache-2.0
Semantic-UI,51160,4925,JavaScript,MIT
guava,50677,10977,Java,Apache-2.0
astro,50526,2693,TypeScript,NOASSERTION
meilisearch,50450,1989,Rust,MIT
pdf.js,50444,10255,JavaScript,Apache-2.0
github-cheat-sheet,50370,5301,,MIT
kotlin,50362,5895,Kotlin,
dive,50335,1868,Go,MIT
prettier,50272,4485,JavaScript,MIT
Deep-Live-Cam,50253,7445,Python,AGPL-3.0
grok-1,50243,8348,Python,Apache-2.0
Docker-OSX,50172,2801,Shell,GPL-3.0
jekyll,49869,10081,Ruby,MIT
uv,49863,1389,Rust,Apache-2.0
rclone,49861,4445,Go,MIT
awesome-rust,49841,2883,Rust,CC0-1.0
AFFiNE,49777,3277,TypeScript,NOASSERTION
segment-anything,49744,5869,Jupyter Notebook,Apache-2.0
bulma,49708,3948,CSS,MIT
core,49687,8595,TypeScript,MIT
DefinitelyTyped,49591,30366,TypeScript,NOASSERTION
trackerslist,49481,6643,,GPL-2.0
marktext,49309,3615,JavaScript,MIT
llm-course,49274,5274,Jupyter Notebook,Apache-2.0
ragflow,49176,4641,TypeScript,Apache-2.0
FFmpeg,49140,12547,C,NOASSERTION
etcd,49130,10045,Go,Apache-2.0
markitdown,49065,2356,Python,MIT
Ghost,49019,10711,JavaScript,MIT
chinese-poetry,48987,9805,JavaScript,MIT
powerlevel10k,48834,2280,Shell,MIT
go-ethereum,48776,20783,Go,LGPL-3.0
joplin,48773,5285,TypeScript,NOASSERTION
awesome-ios,48704,6891,Swift,MIT
cypress,48520,3280,TypeScript,MIT
alist,48409,6532,Go,AGPL-3.0
hacker-scripts,48373,6657,JavaScript,
PaddleOCR,48360,8149,Python,Apache-2.0
appwrite,48164,4263,TypeScript,BSD-3-Clause
gitea,48138,5748,Go,MIT
mastodon,48123,7156,Ruby,AGPL-3.0
starship,48122,2082,Rust,ISC
hiring-without-whiteboards,48088,3745,JavaScript,MIT
RxJava,48079,7609,Java,Apache-2.0
moment,48073,7061,JavaScript,MIT
first-contributions,47931,85051,,MIT
ImHex,47859,2069,C++,GPL-2.0
dayjs,47667,2350,JavaScript,MIT
professional-programming,47526,3778,Python,MIT
algorithm-visualizer,47328,7361,JavaScript,MIT
awesome-wechat-weapp,47314,8759,,GPL-3.0
Motrix,47222,4621,JavaScript,MIT
big-list-of-naughty-strings,47086,2155,Python,MIT
PowerShell,47020,7592,C#,MIT
100-Days-Of-ML-Code,47000,10879,,MIT
LLaMA-Factory,46961,5732,Python,Apache-2.0
julia,46824,5581,Julia,MIT
serverless,46652,5740,JavaScript,MIT
okhttp,46293,9202,Kotlin,Apache-2.0
design-patterns-for-humans,46267,5392,,
gogs,46215,5023,Go,MIT
react,46142,4186,JavaScript,MIT
Projects,46136,10657,,MIT
learn-regex,45979,6270,,MIT
v2ray-core,45921,8931,Go,MIT
huginn,45896,3951,Ruby,MIT
x64dbg,45846,2527,C++,NOASSERTION
30-Days-Of-Python,45825,8737,Python,
pocketbase,45373,2221,Go,MIT
json,45238,6936,C++,MIT
pandas,45150,18433,Python,BSD-3-Clause
quill,45138,3485,TypeScript,BSD-3-Clause
type-challenges,45061,4909,TypeScript,MIT
vllm,45026,6900,Python,Apache-2.0
terraform,44996,9803,Go,NOASSERTION
architecture-samples,44939,11726,Kotlin,Apache-2.0
pixijs,44937,4847,TypeScript,MIT
query,44751,3128,TypeScript,MIT
jest,44703,6529,TypeScript,MIT
open-source-ios-apps,44647,5527,,CC0-1.0
meteor,44637,5207,JavaScript,NOASSERTION
AdminLTE,44500,18188,Astro,MIT
LLMs-from-scratch,44364,6170,Jupyter Notebook,NOASSERTION
Fooocus,44328,6819,Python,GPL-3.0
PythonDataScienceHandbook,44295,18261,Jupyter Notebook,MIT
htmx,44272,1431,JavaScript,NOASSERTION
30-Days-Of-JavaScript,44228,10224,JavaScript,
GPT-SoVITS,44186,4929,Python,MIT
awesome-react-components,44147,3585,,CC0-1.0
zx,43961,1130,JavaScript,Apache-2.0
hyper,43871,3533,TypeScript,MIT
fuels-ts,43828,1376,TypeScript,Apache-2.0
fuels-rs,43820,1350,Rust,Apache-2.0
parcel,43759,2266,JavaScript,MIT
discourse,43752,8502,Ruby,GPL-2.0
frontend-dev-bookmarks,43607,5108,,
TensorFlow-Examples,43600,14899,Jupyter Notebook,NOASSERTION
jadx,43594,5032,Java,Apache-2.0
vaultwarden,43548,2058,Rust,AGPL-3.0
CppCoreGuidelines,43546,5473,CSS,NOASSERTION
open-source-mac-os-apps,43543,2360,,CC0-1.0
build-web-application-with-golang,43511,10620,Go,BSD-3-Clause
lazydocker,43510,1371,Go,MIT
babel,43503,5700,TypeScript,MIT
kubernetes-the-hard-way,43498,14683,,Apache-2.0
retrofit,43438,7312,HTML,Apache-2.0
awesome-java,43431,7470,,NOASSERTION
lx-music-desktop,43421,6204,TypeScript,Apache-2.0
OpenManus,43412,7448,Python,MIT
maybe,43297,3120,Ruby,AGPL-3.0
autogen,43265,6498,Python,CC-BY-4.0
brew,43252,10158,Ruby,BSD-2-Clause
text-generation-webui,43209,5572,Python,AGPL-3.0
dbeaver,43110,3660,Java,Apache-2.0
react-use,42900,3225,TypeScript,Unlicense
anything-llm,42883,4162,JavaScript,MIT
react-hook-form,42882,2163,TypeScript,MIT
grpc,42874,10745,C++,Apache-2.0
front-end-interview-handbook,42721,5888,MDX,MIT
Leaflet,42520,5915,JavaScript,BSD-2-Clause
Rocket.Chat,42479,11645,TypeScript,NOASSERTION
odoo,42311,27332,Python,NOASSERTION
awesome-design-patterns,42300,3043,,
JeecgBoot,42294,15261,Java,Apache-2.0
awesome-cheatsheets,42210,6414,JavaScript,MIT
acme.sh,42186,5210,Shell,GPL-3.0
monaco-editor,42119,3714,JavaScript,MIT
pm2,42108,2633,JavaScript,NOASSERTION
git-flight-rules,42033,3197,,CC-BY-SA-4.0
edex-ui,42011,2704,JavaScript,GPL-3.0
prisma,41896,1714,TypeScript,Apache-2.0
Alamofire,41835,7610,Swift,MIT
reactjs-interview-questions,41743,9817,JavaScript,MIT
pyenv,41678,3157,Roff,MIT
what-happens-when,41639,5695,,
metabase,41603,5506,Clojure,NOASSERTION
yarn,41527,2731,JavaScript,NOASSERTION
python-patterns,41246,6975,Python,
vue2-elm,41085,12409,Vue,GPL-2.0
ChatGLM-6B,41034,5225,Python,Apache-2.0
FreeDomain,41018,926,HTML,AGPL-3.0
llama_index,40972,5835,Python,MIT
spark,40951,28490,Scala,Apache-2.0
dubbo,40904,26521,Java,Apache-2.0
CPlusPlusThings,40887,8690,C++,
swiper,40819,9749,JavaScript,MIT
styled-components,40780,2507,TypeScript,MIT
stablediffusion,40774,5206,Python,MIT
ColossalAI,40774,4492,Python,Apache-2.0
OpenBB,40732,3630,Python,NOASSERTION
nanoGPT,40711,6733,Python,MIT
nw.js,40671,3878,JavaScript,MIT
uni-app,40645,3675,JavaScript,Apache-2.0
nvm-windows,40613,3491,Go,MIT
diagrams,40611,2603,Python,MIT
termux-app,40602,4372,Java,NOASSERTION
kong,40591,4903,Lua,Apache-2.0
ailearning,40586,11543,Python,NOASSERTION
sentry,40582,4314,Python,NOASSERTION
vuetify,40434,6989,TypeScript,MIT
cline,40319,4433,TypeScript,Apache-2.0
hexo,40230,4907,TypeScript,MIT
ClickHouse,40152,7222,C++,Apache-2.0
coolify,40152,2388,PHP,Apache-2.0
cobra,40132,2918,Go,Apache-2.0
black,40089,2571,Python,MIT
fastlane,40073,5795,Ruby,MIT
iina,40044,2620,Swift,GPL-3.0
v2rayNG,39910,5919,Kotlin,GPL-3.0
spotube,39848,1646,Dart,NOASSERTION
crawl4ai,39711,3553,Python,Apache-2.0
airflow,39633,14894,Python,Apache-2.0
tldraw,39611,2468,TypeScript,NOASSERTION
fanqiang,39499,7333,Kotlin,
ultralytics,39486,7657,Python,AGPL-3.0
TTS,39364,4980,Python,MPL-2.0
whisper.cpp,39286,4119,C++,MIT
WeChatMsg,39250,4059,,
cheat.sh,39250,1811,Python,MIT
typst,39176,1075,Rust,Apache-2.0
expo,39100,6590,TypeScript,MIT
tabler,39094,4112,HTML,MIT
bert,39023,9673,Python,Apache-2.0
bevy,39013,3838,Rust,Apache-2.0
chakra-ui,38945,3396,TypeScript,MIT
Deep-Learning-Papers-Reading-Roadmap,38936,7349,Python,
memos,38932,2784,Go,MIT
chinese-independent-developer,38931,3222,,
php-src,38898,7836,C,NOASSERTION
cli,38873,6430,Go,MIT
materialize,38871,4727,JavaScript,MIT
streamlit,38840,3388,Python,Apache-2.0
esbuild,38811,1198,Go,MIT
jellyfin,38775,3449,C#,GPL-2.0
wrk,38772,2983,C,NOASSERTION
50projects50days,38731,9453,CSS,MIT
mitmproxy,38718,4151,Python,MIT
video.js,38655,7500,JavaScript,NOASSERTION
TrafficMonitor,38561,3418,C++,NOASSERTION
zig,38557,2790,Zig,MIT
awesome-mcp-servers,38550,2731,,MIT
awesome-compose,38535,7230,HTML,CC0-1.0
EasySpider,38500,4729,JavaScript,AGPL-3.0
freqtrade,38414,7557,Python,GPL-3.0
Made-With-ML,38413,6085,Jupyter Notebook,MIT
FastChat,38405,4694,Python,Apache-2.0
tidb,38279,5914,Go,Apache-2.0
zju-icicles,38230,9497,HTML,
English-level-up-tips,38220,4194,HTML,
styleguide,38085,13024,HTML,NOASSERTION
gorm,37991,3996,Go,MIT
vim,37958,5637,Vim Script,Vim
DeepSpeed,37948,4336,Python,Apache-2.0
MPAndroidChart,37919,9037,Java,NOASSERTION
ruff,37802,1293,Rust,MIT
phaser,37796,7117,JavaScript,MIT
impress.js,37772,6653,JavaScript,MIT
quivr,37707,3638,Python,NOASSERTION
curl,37622,6662,C,NOASSERTION
awesome-remote-job,37578,4111,,
penpot,37540,1928,Clojure,MPL-2.0
fd,37525,865,Rust,Apache-2.0
gradio,37499,2853,Python,Apache-2.0
jsoncrack.com,37494,2472,TypeScript,NOASSERTION
bark,37466,4437,Jupyter Notebook,MIT
leveldb,37453,7975,C++,BSD-3-Clause
Summer2025-Internships,37422,2901,,
free,37416,5724,,
preact,37370,1983,JavaScript,MIT
ladybird,37348,1560,C++,BSD-2-Clause
aria2,37335,3688,C++,GPL-2.0
Open-Assistant,37300,3266,Python,Apache-2.0
GitHubDaily,37300,3912,,
freecodecamp.cn,37281,1374,CSS,NOASSERTION
Flowise,37272,19409,TypeScript,Apache-2.0
shellcheck,37228,1806,Haskell,GPL-3.0
Pake,37194,6709,Rust,MIT
unsloth,37162,2895,Python,Apache-2.0
tmux,37128,2181,C,NOASSERTION
tutorials,37127,54360,Java,MIT
zod,37121,1359,TypeScript,MIT
python-cheatsheet,37062,6602,Python,
AI-For-Beginners,37038,6747,Jupyter Notebook,MIT
pure-bash-bible,37024,3331,Shell,MIT
ant-design-pro,37017,8182,TypeScript,MIT
photoprism,37002,2047,Go,NOASSERTION
servers,36991,3978,JavaScript,MIT
trpc,36963,1347,TypeScript,MIT
helix,36940,2757,Rust,MPL-2.0
pandoc,36913,3486,Haskell,NOASSERTION
interview_internal_reference,36883,9463,Python,
novu,36787,3998,TypeScript,NOASSERTION
Files,36785,2315,C#,MIT
istio,36745,7934,Go,Apache-2.0
docs,36731,397,MDX,
node,36685,568,Shell,MIT
appsmith,36647,3987,TypeScript,Apache-2.0
GFPGAN,36588,6067,Python,NOASSERTION
ray,36583,6218,Python,Apache-2.0
ink-kit,36577,387,TypeScript,MIT
aspnetcore,36467,10298,C#,MIT
JavaFamily,36424,7816,,
tesseract.js,36384,2285,JavaScript,Apache-2.0
upscayl,36367,1677,TypeScript,AGPL-3.0
daisyui,36366,1433,JavaScript,MIT
taro,36365,4825,TypeScript,NOASSERTION
chatgpt-on-wechat,36332,9090,Python,MIT
deeplearningbook-chinese,36330,9141,TeX,
v,36269,2180,V,MIT
RSSHub,36229,7960,TypeScript,MIT
wtfjs,36174,2603,JavaScript,WTFPL
wtfpython,36171,2673,Python,WTFPL
arthas,36162,7544,Java,Apache-2.0
MockingBird,36127,5245,Python,NOASSERTION
manifesto,36125,1079,HTML,Apache-2.0
devdocs,36107,2416,Ruby,MPL-2.0
fiber,36093,1761,Go,MIT
insomnia,36088,2057,JavaScript,Apache-2.0
slidev,36042,1482,TypeScript,MIT
logseq,36008,2117,Clojure,AGPL-3.0
og-aws,35942,3891,Shell,CC-BY-4.0
interview,35912,8041,C++,NOASSERTION
lerna,35910,2280,TypeScript,MIT
firecrawl,35905,3174,TypeScript,AGPL-3.0
DragGAN,35899,3447,Python,NOASSERTION
googletest,35880,10328,C++,BSD-3-Clause
gym,35793,8662,Python,NOASSERTION
ChatTTS,35784,3885,Python,AGPL-3.0
cal.com,35768,9155,TypeScript,NOASSERTION
date-fns,35640,1815,TypeScript,MIT
shadowsocks-android,35607,11566,Kotlin,NOASSERTION
Awesome-Design-Tools,35596,2119,JavaScript,MIT
hello-algorithm,35575,6468,Java,
ccxt,35570,7815,Python,MIT
sheetjs,35562,7995,,Apache-2.0
fullPage.js,35406,7261,JavaScript,GPL-3.0
koa,35406,3220,JavaScript,MIT
system-design,35401,4109,,NOASSERTION
ToolJet,35371,4548,JavaScript,AGPL-3.0
google-research,35355,8069,Jupyter Notebook,Apache-2.0
plane,35352,2185,TypeScript,AGPL-3.0
metasploit-framework,35349,14266,Ruby,NOASSERTION
cli,35295,3697,Python,BSD-3-Clause
lottie-android,35282,5441,Java,Apache-2.0
halo,35227,9858,Java,GPL-3.0
typeorm,35198,6392,TypeScript,MIT
compose,35187,5370,Go,Apache-2.0
955.WLB,35171,1761,,
nativefier,35134,2217,TypeScript,MIT
lapce,35125,1073,Rust,Apache-2.0
awesome-react-native,35072,4006,JavaScript,
carbon,35051,1942,JavaScript,MIT
hackathon-starter,34985,8177,JavaScript,MIT
HanLP,34872,10532,Python,Apache-2.0
the-way-to-go_ZH_CN,34848,8608,Go,
glide,34845,6155,Java,NOASSERTION
nushell,34781,1798,Rust,MIT
vim-plug,34754,1947,Vim Script,MIT
Langchain-Chatchat,34688,5850,TypeScript,Apache-2.0
TaskMatrix,34493,3296,Python,NOASSERTION
node-v0.x-archive,34411,7300,,
marked,34398,3439,TypeScript,NOASSERTION
faiss,34343,3840,C++,MIT
caffe,34306,18635,C++,NOASSERTION
spacedrive,34291,1041,TypeScript,AGPL-3.0
formik,34223,2806,TypeScript,Apache-2.0
REKCARC-TSC-UHT,34182,7689,HTML,CC-BY-SA-4.0
windows,34173,2435,Shell,MIT
chatbox,34170,3260,TypeScript,GPL-3.0
awesome-javascript,34152,4458,,
clipboard.js,34122,3967,JavaScript,MIT
awesome-shell,34114,2409,,CC0-1.0
milvus,34090,3158,Go,Apache-2.0
gold-miner,34053,5041,,
netty,34014,16055,Java,Apache-2.0
12306,34004,9766,Python,MIT
jieba,33978,6731,Python,MIT
payload,33955,2307,TypeScript,MIT
siyuan,33937,2075,TypeScript,AGPL-3.0
sqlmap,33885,5847,Python,NOASSERTION
legado,33850,4267,Kotlin,GPL-3.0
react-beautiful-dnd,33837,2704,JavaScript,NOASSERTION
pytorch-image-models,33793,4891,Python,Apache-2.0
AgentGPT,33776,9392,TypeScript,GPL-3.0
Coursera-ML-AndrewNg-Notes,33673,10851,HTML,
leetcode,33658,8982,Java,CC-BY-SA-4.0
shadowsocks,33620,18492,Python,
spring-boot-demo,33578,10962,Java,MIT
AndroidUtilCode,33540,10709,Java,Apache-2.0
NewPipe,33510,3178,Java,GPL-3.0
fastify,33489,2392,JavaScript,NOASSERTION
framework,33473,11302,PHP,MIT
LeetCode-Go,33467,5775,Go,MIT
AFNetworking,33442,10469,Objective-C,MIT
husky,33346,1049,JavaScript,MIT
solid,33345,961,TypeScript,MIT
easyexcel,33296,7629,Java,Apache-2.0
HEU_KMS_Activator,33264,3344,,
zxing,33227,9391,Java,Apache-2.0
XX-Net,33226,7658,Python,
brackets,33225,7588,JavaScript,MIT
LLM101n,33178,1811,,
linux-command,33109,6326,Markdown,MIT
polars,33097,2171,Rust,NOASSERTION
JavaScript,33095,5689,JavaScript,GPL-3.0
gulp,33086,4224,JavaScript,MIT
immutable-js,33037,1783,TypeScript,MIT
poetry,33013,2343,Python,MIT
engineering-blogs,32948,1753,Ruby,
Python,32945,12506,Python,MIT
ijkplayer,32823,8177,C,GPL-2.0
carbon-lang,32809,1493,C++,NOASSERTION
ShadowsocksX-NG,32709,7922,Swift,GPL-3.0
zsh-autosuggestions,32707,1890,Shell,MIT
portainer,32664,2570,TypeScript,Zlib
harness,32595,2841,Go,Apache-2.0
gpt-pilot,32588,3305,Python,NOASSERTION
winutil,32559,1828,PowerShell,MIT
bruno,32544,1550,JavaScript,MIT
awesome-awesomeness,32509,3572,Ruby,
How-To-Ask-Questions-The-Smart-Way,32391,5708,JavaScript,MIT
mattermost,32315,7704,TypeScript,NOASSERTION
RevokeMsgPatcher,32301,3614,C#,GPL-3.0
openpose,32295,7938,C++,NOASSERTION
material-design-lite,32290,5002,HTML,Apache-2.0
vault,32215,4339,Go,NOASSERTION
certbot,32106,3430,Python,NOASSERTION
selenium,32080,8397,Java,Apache-2.0
swc,32077,1278,Rust,Apache-2.0
Umi-OCR,32072,3230,Python,MIT
AnotherRedisDesktopManager,32054,2628,JavaScript,MIT
ControlNet,32019,2866,Python,Apache-2.0
run,32014,2620,,CC-BY-SA-4.0
beego,32003,5636,Go,NOASSERTION
full-stack-fastapi-template,31994,5953,TypeScript,MIT
ShareX,31992,3356,C#,GPL-3.0
llvm-project,31962,13248,LLVM,NOASSERTION
my-tv,31946,3577,C,
jax,31944,2978,Python,Apache-2.0
chatgpt-web,31944,11209,Vue,MIT
shardeum,31938,683,TypeScript,MIT
awesome-docker,31873,3072,,Apache-2.0
modern-unix,31854,798,,
LocalAI,31789,2418,Go,MIT
detectron2,31751,7637,Python,Apache-2.0
OpenVoice,31747,3235,Python,MIT
android-open-project,31714,11909,,Apache-2.0
nps,31691,5738,Go,GPL-3.0
aseprite,31682,6928,C++,
C-Plus-Plus,31638,7353,C++,MIT
outline,31617,2524,TypeScript,NOASSERTION
awesome-deepseek-integration,31611,3445,,CC0-1.0
jq,31540,1615,C,NOASSERTION
serenity,31496,3229,C++,BSD-2-Clause
awesome-php,31475,5109,,WTFPL
graphql-engine,31468,2798,TypeScript,Apache-2.0
yew,31460,1441,Rust,Apache-2.0
remote-jobs,31396,3304,JavaScript,CC0-1.0
spaCy,31395,4494,Python,MIT
HowToLiveLonger,31366,2183,,Unlicense
pnpm,31358,1099,TypeScript,MIT
learnGitBranching,31345,5813,JavaScript,MIT
swr,31345,1262,TypeScript,MIT
fairseq,31315,6497,Python,MIT
aider,31307,2825,Python,Apache-2.0
manim,31226,2196,Python,MIT
rxjs,31203,3008,TypeScript,Apache-2.0
nacos,31185,12982,Java,Apache-2.0
vimrc,31172,7307,Vim Script,MIT
html2canvas,31168,4866,TypeScript,MIT
pytorch-tutorial,31142,8203,Python,MIT
MS-DOS,31110,4451,Assembly,MIT
etcher,31104,2199,TypeScript,Apache-2.0
remix,31098,2621,TypeScript,MIT
lottie-web,31028,2902,JavaScript,MIT
floating-ui,31011,1628,TypeScript,MIT
rufus,30992,2726,C,GPL-3.0
MinerU,30990,2472,Python,AGPL-3.0
Blog,30965,4693,,
chatbot-ui,30948,8689,TypeScript,MIT
WxJava,30943,8828,Java,Apache-2.0
CyberChef,30934,3464,JavaScript,Apache-2.0
jQuery-File-Upload,30930,7900,PHP,MIT
v2ray-core,30885,4788,Go,MIT
echo,30853,2264,Go,MIT
bulletproof-react,30847,2801,TypeScript,MIT
tabby,30812,1445,Rust,NOASSERTION
mmdetection,30812,9632,Python,Apache-2.0
go-zero,30759,4078,Go,MIT
stats,30759,969,Swift,MIT
cockroach,30756,3889,Go,NOASSERTION
qBittorrent,30743,4167,C++,NOASSERTION
bubbletea,30737,886,Go,MIT
fabric,30717,3169,Go,MIT
dotfiles,30716,8722,Shell,MIT
YesPlayMusic,30709,4484,Vue,MIT
lossless-cut,30685,1446,TypeScript,GPL-2.0
cobalt,30678,2551,Svelte,AGPL-3.0
p3c,30606,8063,Kotlin,Apache-2.0
slate,30600,3289,TypeScript,MIT
libpku,30581,8242,TeX,
lede,30574,19574,C,NOASSERTION
refine,30572,2431,TypeScript,MIT
linux-insides,30559,3395,Python,NOASSERTION
Real-ESRGAN,30521,3792,Python,BSD-3-Clause
awesome-cto,30498,1865,,CC0-1.0
Reactive-Resume,30489,3144,TypeScript,MIT
spring-boot-examples,30433,12340,Java,
ruoyi-vue-pro,30408,6548,Java,MIT
dokku,30345,1963,Shell,MIT
mpv,30340,3022,C,NOASSERTION
NeteaseCloudMusicApi,30313,15826,,
symfony,30281,9599,PHP,MIT
Sortable,30276,3728,JavaScript,MIT
sharp,30246,1322,JavaScript,Apache-2.0
minikube,30231,4959,Go,Apache-2.0
calculator,30226,5523,C++,MIT
puter,30194,2239,JavaScript,AGPL-3.0
servo,30169,3152,Rust,MPL-2.0
crewAI,30165,4057,Python,MIT
interactive-coding-challenges,30145,4530,Python,NOASSERTION
backstage,30098,6452,TypeScript,Apache-2.0
jsPDF,30088,4722,JavaScript,MIT
webtorrent,30077,2756,JavaScript,MIT
layui,30077,7417,JavaScript,MIT
data-engineering-zoomcamp,30065,6404,Jupyter Notebook,
HEAD,30048,1922,,
editor.js,29973,2138,TypeScript,Apache-2.0
directus,29940,4152,TypeScript,NOASSERTION
stanford_alpaca,29936,4049,Python,Apache-2.0
netron,29929,2881,JavaScript,MIT
sequelize,29929,4297,TypeScript,MIT
fabric.js,29922,3568,TypeScript,NOASSERTION
croc,29919,1191,Go,MIT
kafka,29894,14302,Java,Apache-2.0
paper-reading,29885,2617,,Apache-2.0
influxdb,29873,3597,Rust,Apache-2.0
comprehensive-rust,29801,1772,Rust,Apache-2.0
AI-Expert-Roadmap,29759,2521,JavaScript,MIT
vue-cli,29754,6334,JavaScript,MIT
hutool,29745,7580,Java,NOASSERTION
foundation-sites,29745,5473,HTML,MIT
tiptap,29738,2447,TypeScript,MIT
uppy,29695,2046,TypeScript,MIT
tqdm,29674,1379,Python,NOASSERTION
GPTs,29649,4011,,
leakcanary,29649,3980,Kotlin,Apache-2.0
roop,29626,6715,Python,GPL-3.0
MonitorControl,29623,852,Swift,MIT
OpenAPI-Specification,29611,9127,Markdown,Apache-2.0
ghostty,29578,787,Zig,MIT
project-guidelines,29563,3216,JavaScript,MIT
fish-shell,29541,2054,Rust,NOASSERTION
react-boilerplate,29517,6112,JavaScript,MIT
Hello-Python,29515,1897,Python,Apache-2.0
phantomjs,29511,5752,C++,BSD-3-Clause
rocksdb,29507,6451,C++,GPL-2.0
particles.js,29491,4855,JavaScript,MIT
Mr.-Ranedeer-AI-Tutor,29486,3376,,
alpine,29462,1284,HTML,MIT
500lines,29451,5870,JavaScript,NOASSERTION
apollo,29437,10219,Java,Apache-2.0
awesome-macos-command-line,29425,1440,,
k9s,29406,1859,Go,Apache-2.0
mediapipe,29392,5317,C++,Apache-2.0
CasaOS,29384,1595,Go,Apache-2.0
cursor,29345,1841,,
cheerio,29341,1669,TypeScript,MIT
k3s,29339,2418,Go,Apache-2.0
Hover,29336,5761,SCSS,NOASSERTION
CheatSheetSeries,29318,4106,Python,CC-BY-SA-4.0
numpy,29312,10705,Python,NOASSERTION
pytorch-lightning,29307,3479,Python,Apache-2.0
standard,29305,2320,JavaScript,MIT
awesome-python-cn,29300,7968,Makefile,NOASSERTION
algo,29298,2340,Jinja,AGPL-3.0
server,29263,4248,PHP,AGPL-3.0
folly,29259,5680,C++,Apache-2.0
Data-Science-For-Beginners,29257,6099,Jupyter Notebook,MIT
es6features,29229,2861,,MIT
lux,29153,3113,Go,MIT
docsify,29141,5721,JavaScript,MIT
GPT_API_free,29107,2106,Python,MIT
surrealdb,29094,979,Rust,NOASSERTION
COVID-19,29091,18309,,
weekly,29076,3249,JavaScript,
Free-Certifications,29055,2152,,MIT
django-rest-framework,29028,6925,Python,NOASSERTION
vnpy,29018,9449,Python,MIT
swift-algorithm-club,29009,5004,Swift,MIT
canal,28998,7655,Java,Apache-2.0
css-protips,28988,2194,,CC0-1.0
composer,28920,4613,PHP,MIT
UTM,28894,1433,Swift,Apache-2.0
xyflow,28893,1875,TypeScript,MIT
consul,28892,4465,Go,NOASSERTION
lighthouse,28886,9501,JavaScript,Apache-2.0
python-guide,28858,5868,Batchfile,NOASSERTION
desktop,28779,779,JavaScript,MPL-2.0
todomvc,28763,13751,JavaScript,NOASSERTION
postcss,28746,1579,TypeScript,MIT
hey,28742,1728,TypeScript,AGPL-3.0
SpringAll,28741,8174,Java,MIT
Retrieval-based-Voice-Conversion-WebUI,28732,4052,Python,MIT
khoj,28687,1605,Python,AGPL-3.0
handson-ml2,28687,12963,Jupyter Notebook,Apache-2.0
Clone-Wars,28665,2557,,AGPL-3.0
it-tools,28663,3412,Vue,GPL-3.0
react-three-fiber,28646,1674,TypeScript,MIT
slick,28628,5877,JavaScript,MIT
filebrowser,28627,3225,Go,Apache-2.0
llama3,28618,3362,Python,NOASSERTION
linkedin-skill-assessments-quizzes,28617,13237,,AGPL-3.0
DevToys,28614,1538,C#,MIT
react-spring,28611,1206,TypeScript,MIT
xxl-job,28603,11138,Java,GPL-3.0
diffusers,28594,5856,Python,Apache-2.0
medusa,28590,3172,TypeScript,MIT
anoma,28588,3827,Elixir,MIT
tinygrad,28585,3298,Python,MIT
awesome-sysadmin,28571,1665,,NOASSERTION
plyr,28551,3071,JavaScript,MIT
tuning_playbook,28535,2342,,NOASSERTION
stb,28482,7795,C,NOASSERTION
CLIP,28482,3549,Jupyter Notebook,MIT
jan,28473,1680,TypeScript,AGPL-3.0
duckdb,28468,2227,C++,MIT
trilium,28466,1928,JavaScript,AGPL-3.0
vuex,28461,9564,JavaScript,MIT
machine-learning-for-software-engineers,28435,6224,,CC-BY-SA-4.0
programmer-job-blacklist,28412,1812,Shell,MIT
spring-cloud-alibaba,28391,8393,Java,Apache-2.0
android_guides,28370,6326,,MIT
tokio,28362,2603,Rust,MIT
glances,28348,1573,Python,NOASSERTION
mantine,28340,2012,TypeScript,MIT
JavaScript30,28320,39134,HTML,
viper,28309,2049,Go,MIT
restic,28268,1596,Go,BSD-2-Clause
Complete-Python-3-Bootcamp,28259,86416,Jupyter Notebook,
immer,28259,862,JavaScript,MIT
textual,28242,874,Python,MIT
async,28238,2404,JavaScript,MIT
awesome-llm-apps,28227,3170,Python,Apache-2.0
the-super-tiny-compiler,28196,2879,JavaScript,CC-BY-4.0
motion,28177,937,TypeScript,MIT
os-tutorial,28118,3374,C,BSD-3-Clause
druid,28114,8588,Java,Apache-2.0
reverse-interview,28114,2118,,NOASSERTION
backbone,28110,5366,JavaScript,MIT
data-science-ipython-notebooks,28109,7960,Python,NOASSERTION
xstate,28098,1294,TypeScript,MIT
nginxconfig.io,28053,2070,JavaScript,MIT
ChatGPT,28039,4486,Python,GPL-2.0
Xray-core,28037,4210,Go,MPL-2.0
DeepFaceLive,28023,420,Python,GPL-3.0
ink,27997,648,TypeScript,MIT
Jobs_Applier_AI_Agent_AIHawk,27932,4174,Python,AGPL-3.0
AdGuardHome,27928,1975,Go,GPL-3.0
hosts,27912,2304,Python,MIT
react-select,27894,4147,TypeScript,MIT
applied-ml,27888,3744,,MIT
mobx,27835,1784,TypeScript,MIT
90DaysOfDevOps,27832,6424,Shell,NOASSERTION
waifu2x,27829,2705,Lua,MIT
wails,27828,1348,Go,MIT
Charts,27822,6027,Swift,Apache-2.0
TrackersListCollection,27820,1679,,GPL-3.0
gitbook,27793,3950,TypeScript,GPL-3.0
helm,27756,7208,Go,Apache-2.0
vue-vben-admin,27734,7525,Vue,MIT
mindsdb,27729,4957,Python,NOASSERTION
vhr,27722,10305,Java,
dragonfly,27719,1029,C++,NOASSERTION
exo,27679,1710,Python,GPL-3.0
firecracker,27661,1911,Rust,Apache-2.0
ResumeSample,27590,8981,,
mem0,27586,2625,Python,Apache-2.0
python-fire,27568,1449,Python,NOASSERTION
twenty,27563,3049,TypeScript,NOASSERTION
yapi,27553,4824,JavaScript,Apache-2.0
Python-programming-exercises,27541,6885,,
drizzle-orm,27511,825,TypeScript,Apache-2.0
Daily-Interview-Question,27486,3284,JavaScript,
data-engineer-handbook,27485,5616,Jupyter Notebook,
turborepo,27468,1959,Rust,MIT
aos,27460,2632,JavaScript,MIT
OCRmyPDF,27459,1828,Python,MPL-2.0
docling,27413,1665,Python,MIT
dnSpy,27399,5248,C#,
underscore,27385,5503,JavaScript,MIT
tdesktop,27372,5480,C++,NOASSERTION
Avalonia,27361,2358,C#,MIT
python-telegram-bot,27323,5605,Python,GPL-3.0
k6,27318,1342,Go,AGPL-3.0
weui,27301,6388,HTML,NOASSERTION
rust-course,27298,2370,Rust,
Probabilistic-Programming-and-Bayesian-Methods-for-Hackers,27287,7918,Jupyter Notebook,MIT
Web,27279,6213,,NOASSERTION
commander.js,27236,1705,JavaScript,MIT
swagger-ui,27219,9057,JavaScript,Apache-2.0
redash,27212,4458,Python,BSD-2-Clause
headscale,27201,1456,Go,BSD-3-Clause
Tvlist-awesome-m3u-m3u8,27193,3232,,
mongoose,27186,3863,JavaScript,MIT
openssl,27179,10490,C,Apache-2.0
headlessui,27152,1118,TypeScript,MIT
JCSprout,27098,7071,Java,MIT
kitty,27077,1064,Python,GPL-3.0
vscodium,27039,1241,Shell,MIT
mongo,27037,5642,C++,NOASSERTION
codemirror5,27025,4967,JavaScript,MIT
taichi,27002,2336,C++,Apache-2.0
coder2gwy,26997,3727,,
drawdb,26975,1901,JavaScript,AGPL-3.0
kit,26962,2459,Go,MIT
legacy-homebrew,26955,11272,,
ace,26931,5296,JavaScript,NOASSERTION
so-vits-svc,26902,4956,Python,AGPL-3.0
angular-cli,26889,11975,TypeScript,MIT
create-t3-app,26887,1287,TypeScript,MIT
fastai,26868,7590,Jupyter Notebook,Apache-2.0
rethinkdb,26865,1849,C++,NOASSERTION
ExplorerPatcher,26832,1110,C,GPL-2.0
Signal-Android,26825,6373,Kotlin,AGPL-3.0
xgboost,26819,8761,C++,Apache-2.0
Faker,26796,3586,PHP,MIT
gitflow,26793,2671,Shell,NOASSERTION
Rectangle,26785,815,Swift,NOASSERTION
hangzhou_house_knowledge,26777,5287,CSS,
srs,26774,5479,C++,MIT
react-virtualized,26741,3069,JavaScript,MIT
ChatDev,26707,3376,Python,Apache-2.0
spleeter,26703,2919,Python,MIT
cascadia-code,26696,818,Python,NOASSERTION
keycloak,26650,7208,Java,Apache-2.0
30-Days-Of-React,26646,7597,JavaScript,
dioxus,26626,1054,Rust,Apache-2.0
1Panel,26612,2346,Go,GPL-3.0
nginx,26601,7242,C,BSD-2-Clause
vagrant,26594,4445,Ruby,NOASSERTION
GoodbyeDPI,26582,1990,C,Apache-2.0
next-auth,26543,3788,TypeScript,ISC
nodemon,26508,1738,JavaScript,MIT
quasar,26475,3594,JavaScript,MIT
the_silver_searcher,26473,1433,C,Apache-2.0
supervision,26445,2000,Python,MIT
hacker-laws,26421,1548,HTML,CC-BY-SA-4.0
emscripten,26394,3383,C++,NOASSERTION
jumpserver,26388,5427,Python,GPL-3.0
paperless-ngx,26368,1535,Python,GPL-3.0
llm.c,26354,3027,Cuda,MIT
EasyOCR,26342,3299,Python,Apache-2.0
Detectron,26341,5446,Python,Apache-2.0
podman,26340,2591,Go,Apache-2.0
gkd,26333,1324,Kotlin,GPL-3.0
cmder,26323,2054,C++,MIT
openai-python,26315,3806,Python,Apache-2.0
miaosha,26312,6622,Java,
awesome-electron,26292,2030,,CC0-1.0
nprogress,26286,1806,JavaScript,MIT
iced,26286,1278,Rust,MIT
refined-github,26248,1550,TypeScript,MIT
awesome-github-profile-readme,26247,3937,,CC0-1.0
awesome-vscode,26242,1258,JavaScript,CC0-1.0
table,26242,3160,TypeScript,MIT
DeepSpeech,26234,4037,C++,MPL-2.0
MoneyPrinterTurbo,26193,3847,Python,MIT
fyne,26183,1429,Go,NOASSERTION
lottie-ios,26179,3783,Swift,Apache-2.0
Open-Sora,26164,2514,Python,Apache-2.0
fastText,26158,4755,HTML,MIT
go-patterns,26158,2257,Go,Apache-2.0
awesome-datascience,26127,6040,,MIT
darknet,26116,21306,C,NOASSERTION
celery,26110,4768,Python,NOASSERTION
wiki,26085,2893,Vue,AGPL-3.0
ItChat,26073,5683,Python,MIT
setup-ipsec-vpn,26050,6395,Shell,NOASSERTION
