,id,name,full_name,stars,forks,language,license,created_at,updated_at,pushed_at,size,open_issues,html_url
0,28457823,freeCodeCamp,freeCodeCamp/freeCodeCamp,417247,39943,TypeScript,BSD-3-Clause,2014-12-24 17:49:19+00:00,2025-04-29 00:31:18+00:00,2025-04-28 23:08:23+00:00,496872,289,https://github.com/freeCodeCamp/freeCodeCamp
1,132750724,build-your-own-x,codecrafters-io/build-your-own-x,376205,35026,Markdown,,2018-05-09 12:03:18+00:00,2025-04-29 00:38:48+00:00,2025-04-11 19:13:28+00:00,1061,373,https://github.com/codecrafters-io/build-your-own-x
2,21737465,awesome,sindresorhus/awesome,358080,28987,,CC0-1.0,2014-07-11 13:42:37+00:00,2025-04-29 00:26:27+00:00,2025-04-08 10:52:40+00:00,1485,56,https://github.com/sindresorhus/awesome
3,13491895,free-programming-books,EbookFoundation/free-programming-books,355786,63244,HTML,CC-BY-4.0,2013-10-11 06:50:37+00:00,2025-04-29 00:28:36+00:00,2025-04-28 12:57:51+00:00,19568,75,https://github.com/EbookFoundation/free-programming-books
4,54346799,public-apis,public-apis/public-apis,338121,35685,Python,MIT,2016-03-20 23:49:42+00:00,2025-04-29 00:39:20+00:00,2024-10-31 19:50:02+00:00,5030,454,https://github.com/public-apis/public-apis
5,60493101,coding-interview-university,jwasham/coding-interview-university,316496,78631,,CC-BY-SA-4.0,2016-06-06 02:34:12+00:00,2025-04-29 00:26:34+00:00,2024-12-05 23:47:30+00:00,22600,69,https://github.com/jwasham/coding-interview-university
6,85077558,developer-roadmap,kamranahmedse/developer-roadmap,316437,41068,TypeScript,NOASSERTION,2017-03-15 13:45:52+00:00,2025-04-29 00:25:45+00:00,2025-04-29 00:13:02+00:00,257195,222,https://github.com/kamranahmedse/developer-roadmap
7,83222441,system-design-primer,donnemartin/system-design-primer,297460,49437,Python,NOASSERTION,2017-02-26 16:15:28+00:00,2025-04-28 23:38:26+00:00,2024-12-02 01:10:39+00:00,11220,489,https://github.com/donnemartin/system-design-primer
8,177736533,996.ICU,996icu/996.ICU,270571,21093,,NOASSERTION,2019-03-26 07:31:14+00:00,2025-04-28 20:42:22+00:00,2024-10-03 12:29:12+00:00,187831,16702,https://github.com/996icu/996.ICU
9,21289110,awesome-python,vinta/awesome-python,241783,25596,Python,NOASSERTION,2014-06-27 21:00:06+00:00,2025-04-29 00:26:28+00:00,2024-08-11 17:10:18+00:00,6769,474,https://github.com/vinta/awesome-python
10,10270250,react,facebook/react,235005,48358,JavaScript,MIT,2013-05-24 16:15:54+00:00,2025-04-29 00:28:37+00:00,2025-04-28 21:40:32+00:00,861521,1009,https://github.com/facebook/react
11,36633370,awesome-selfhosted,awesome-selfhosted/awesome-selfhosted,226456,10585,,NOASSERTION,2015-06-01 02:33:17+00:00,2025-04-29 00:35:41+00:00,2025-04-26 10:21:47+00:00,16608,0,https://github.com/awesome-selfhosted/awesome-selfhosted
12,88011908,project-based-learning,practical-tutorials/project-based-learning,225677,29503,,MIT,2017-04-12 05:07:46+00:00,2025-04-29 00:38:16+00:00,2024-08-15 05:33:54+00:00,438,220,https://github.com/practical-tutorials/project-based-learning
13,11730342,vue,vuejs/vue,208777,33743,TypeScript,MIT,2013-07-29 03:24:51+00:00,2025-04-28 21:37:11+00:00,2024-10-10 07:24:15+00:00,32152,603,https://github.com/vuejs/vue
14,63476337,Python,TheAlgorithms/Python,200007,46668,Python,MIT,2016-07-16 09:44:01+00:00,2025-04-28 23:51:26+00:00,2025-04-28 17:56:04+00:00,15240,374,https://github.com/TheAlgorithms/Python
15,2325298,linux,torvalds/linux,192468,55664,C,NOASSERTION,2011-09-04 22:48:12+00:00,2025-04-29 00:25:04+00:00,2025-04-28 23:58:44+00:00,5555180,461,https://github.com/torvalds/linux
16,126577260,javascript-algorithms,trekhleb/javascript-algorithms,191086,30657,JavaScript,MIT,2018-03-24 07:47:04+00:00,2025-04-28 23:44:29+00:00,2025-02-12 16:19:59+00:00,13564,363,https://github.com/trekhleb/javascript-algorithms
17,45717250,tensorflow,tensorflow/tensorflow,189691,74648,C++,Apache-2.0,2015-11-07 01:19:20+00:00,2025-04-29 00:28:14+00:00,2025-04-29 00:28:04+00:00,1184205,8556,https://github.com/tensorflow/tensorflow
18,14440270,You-Dont-Know-JS,getify/You-Dont-Know-JS,181902,33618,,NOASSERTION,2013-11-16 02:37:24+00:00,2025-04-28 23:19:45+00:00,2025-04-24 20:39:19+00:00,15055,125,https://github.com/getify/You-Dont-Know-JS
19,121395510,CS-Notes,CyC2018/CS-Notes,179963,51206,,,2018-02-13 14:56:24+00:00,2025-04-28 22:17:41+00:00,2024-08-21 09:40:10+00:00,116179,187,https://github.com/CyC2018/CS-Notes
20,19415064,computer-science,ossu/computer-science,178700,22650,HTML,MIT,2014-05-04 00:18:39+00:00,2025-04-29 00:29:58+00:00,2025-04-11 22:35:04+00:00,1741,14,https://github.com/ossu/computer-science
21,291137,ohmyzsh,ohmyzsh/ohmyzsh,177988,26061,Shell,MIT,2009-08-28 18:15:37+00:00,2025-04-29 00:34:02+00:00,2025-04-27 12:55:25+00:00,12785,471,https://github.com/ohmyzsh/ohmyzsh
22,614765452,AutoGPT,Significant-Gravitas/AutoGPT,174871,45634,Python,NOASSERTION,2023-03-16 09:21:07+00:00,2025-04-28 23:31:22+00:00,2025-04-28 23:23:08+00:00,242673,199,https://github.com/Significant-Gravitas/AutoGPT
23,2126244,bootstrap,twbs/bootstrap,172252,79080,MDX,MIT,2011-07-29 21:19:00+00:00,2025-04-29 00:23:34+00:00,2025-04-25 17:22:58+00:00,255333,531,https://github.com/twbs/bootstrap
24,41881900,vscode,microsoft/vscode,170514,31828,TypeScript,MIT,2015-09-03 20:23:38+00:00,2025-04-29 00:06:22+00:00,2025-04-29 00:06:41+00:00,1004818,10066,https://github.com/microsoft/vscode
25,31792824,flutter,flutter/flutter,169993,28432,Dart,BSD-3-Clause,2015-03-06 22:54:58+00:00,2025-04-29 00:29:09+00:00,2025-04-29 00:34:42+00:00,311445,13123,https://github.com/flutter/flutter
26,138393139,the-book-of-secret-knowledge,trimstray/the-book-of-secret-knowledge,167365,10468,,MIT,2018-06-23 10:43:14+00:00,2025-04-29 00:37:17+00:00,2024-11-19 14:00:38+00:00,1748,89,https://github.com/trimstray/the-book-of-secret-knowledge
27,1062897,gitignore,github/gitignore,166090,83074,,CC0-1.0,2010-11-08 20:17:14+00:00,2025-04-29 00:07:12+00:00,2025-04-25 22:08:34+00:00,2560,489,https://github.com/github/gitignore
28,123458551,Python-100-Days,jackfrued/Python-100-Days,164856,53591,Jupyter Notebook,,2018-03-01 16:05:52+00:00,2025-04-28 23:54:30+00:00,2025-03-28 10:29:23+00:00,396875,715,https://github.com/jackfrued/Python-100-Days
29,35955666,the-art-of-command-line,jlevy/the-art-of-command-line,155770,14655,,,2015-05-20 15:11:03+00:00,2025-04-28 23:39:18+00:00,2024-06-25 18:13:44+00:00,2772,248,https://github.com/jlevy/the-art-of-command-line
30,527591471,stable-diffusion-webui,AUTOMATIC1111/stable-diffusion-webui,151838,28235,Python,AGPL-3.0,2022-08-22 14:05:26+00:00,2025-04-29 00:21:45+00:00,2025-03-04 16:11:29+00:00,36351,2399,https://github.com/AUTOMATIC1111/stable-diffusion-webui
31,132464395,JavaGuide,Snailclimb/JavaGuide,149385,45814,Java,Apache-2.0,2018-05-07 13:27:00+00:00,2025-04-29 00:37:38+00:00,2025-04-28 23:08:00+00:00,176901,70,https://github.com/Snailclimb/JavaGuide
32,6498492,javascript,airbnb/javascript,146612,26735,JavaScript,MIT,2012-11-01 23:13:50+00:00,2025-04-28 22:33:50+00:00,2024-12-09 06:56:18+00:00,3689,173,https://github.com/airbnb/javascript
33,155220641,transformers,huggingface/transformers,143625,28789,Python,Apache-2.0,2018-10-29 13:56:00+00:00,2025-04-29 00:24:43+00:00,2025-04-28 22:40:04+00:00,300298,1766,https://github.com/huggingface/transformers
34,21540759,awesome-go,avelino/awesome-go,142670,12257,Go,MIT,2014-07-06 13:42:15+00:00,2025-04-29 00:25:23+00:00,2025-04-25 01:35:32+00:00,10779,117,https://github.com/avelino/awesome-go
35,658928958,ollama,ollama/ollama,138886,11578,Go,MIT,2023-06-26 19:39:32+00:00,2025-04-29 00:30:42+00:00,2025-04-29 00:34:59+00:00,43020,1782,https://github.com/ollama/ollama
36,1039520,youtube-dl,ytdl-org/youtube-dl,135380,10309,Python,Unlicense,2010-10-31 14:35:07+00:00,2025-04-28 22:11:14+00:00,2025-04-08 00:59:00+00:00,65479,4175,https://github.com/ytdl-org/youtube-dl
37,233472199,Microsoft-Activation-Scripts,massgravel/Microsoft-Activation-Scripts,132692,12892,Batchfile,GPL-3.0,2020-01-12 23:03:34+00:00,2025-04-29 00:29:19+00:00,2025-04-21 14:52:18+00:00,10953,2,https://github.com/massgravel/Microsoft-Activation-Scripts
38,70107786,next.js,vercel/next.js,131428,28260,JavaScript,MIT,2016-10-05 23:32:51+00:00,2025-04-29 00:14:19+00:00,2025-04-29 00:16:51+00:00,2230645,3214,https://github.com/vercel/next.js
39,241576270,fucking-algorithm,labuladong/fucking-algorithm,127735,23352,Markdown,,2020-02-19 09:01:23+00:00,2025-04-28 23:56:37+00:00,2025-01-31 06:30:22+00:00,126276,42,https://github.com/labuladong/fucking-algorithm
40,23096959,go,golang/go,127464,17990,Go,BSD-3-Clause,2014-08-19 04:33:40+00:00,2025-04-29 00:00:25+00:00,2025-04-28 23:51:26+00:00,392549,9423,https://github.com/golang/go
41,62607227,tech-interview-handbook,yangshun/tech-interview-handbook,125801,15356,TypeScript,MIT,2016-07-05 05:00:48+00:00,2025-04-28 23:02:02+00:00,2025-04-28 00:33:05+00:00,32500,53,https://github.com/yangshun/tech-interview-handbook
42,574523116,awesome-chatgpt-prompts,f/awesome-chatgpt-prompts,123657,16549,JavaScript,CC0-1.0,2022-12-05 13:54:13+00:00,2025-04-28 22:57:10+00:00,2025-04-24 17:26:19+00:00,1550,269,https://github.com/f/awesome-chatgpt-prompts
43,112507086,30-seconds-of-code,Chalarangelo/30-seconds-of-code,123494,12149,JavaScript,CC-BY-4.0,2017-11-29 17:35:03+00:00,2025-04-28 17:28:38+00:00,2025-04-20 08:46:11+00:00,706539,0,https://github.com/Chalarangelo/30-seconds-of-code
44,29028775,react-native,facebook/react-native,121726,24610,C++,MIT,2015-01-09 18:10:16+00:00,2025-04-28 23:43:27+00:00,2025-04-28 21:42:45+00:00,914863,913,https://github.com/facebook/react-native
45,111583593,scrcpy,Genymobile/scrcpy,121255,11424,C,Apache-2.0,2017-11-21 18:00:27+00:00,2025-04-29 00:03:05+00:00,2025-04-25 14:59:50+00:00,7486,2360,https://github.com/Genymobile/scrcpy
46,184456251,PowerToys,microsoft/PowerToys,117836,6964,C#,MIT,2019-05-01 17:44:02+00:00,2025-04-29 00:05:37+00:00,2025-04-28 21:22:14+00:00,425729,6467,https://github.com/microsoft/PowerToys
47,9384267,electron,electron/electron,116562,16008,C++,MIT,2013-04-12 01:47:36+00:00,2025-04-29 00:18:12+00:00,2025-04-29 00:15:10+00:00,168462,955,https://github.com/electron/electron
48,20580498,kubernetes,kubernetes/kubernetes,114735,40458,Go,Apache-2.0,2014-06-06 22:56:04+00:00,2025-04-29 00:35:28+00:00,2025-04-28 19:25:53+00:00,1366806,2559,https://github.com/kubernetes/kubernetes
49,14098069,free-programming-books-zh_CN,justjavac/free-programming-books-zh_CN,113493,28303,,GPL-3.0,2013-11-04 01:59:19+00:00,2025-04-28 23:43:32+00:00,2024-07-15 08:55:20+00:00,1059,31,https://github.com/justjavac/free-programming-books-zh_CN
50,561730219,hello-algo,krahets/hello-algo,112011,13942,Java,NOASSERTION,2022-11-04 11:08:34+00:00,2025-04-28 23:42:37+00:00,2025-04-27 08:56:26+00:00,362417,27,https://github.com/krahets/hello-algo
51,27193779,node,nodejs/node,110848,31404,JavaScript,NOASSERTION,2014-11-26 19:57:11+00:00,2025-04-29 00:29:02+00:00,2025-04-28 20:19:08+00:00,1284623,2165,https://github.com/nodejs/node
52,943149,d3,d3/d3,110490,22870,Shell,ISC,2010-09-27 17:22:42+00:00,2025-04-29 00:31:06+00:00,2025-03-10 08:22:20+00:00,59338,21,https://github.com/d3/d3
53,307260205,yt-dlp,yt-dlp/yt-dlp,109935,8627,Python,Unlicense,2020-10-26 04:22:55+00:00,2025-04-29 00:32:33+00:00,2025-04-28 22:42:01+00:00,53970,1902,https://github.com/yt-dlp/yt-dlp
54,23088740,axios,axios/axios,106747,11133,JavaScript,MIT,2014-08-18 22:30:27+00:00,2025-04-28 19:24:20+00:00,2025-04-26 16:42:56+00:00,20025,674,https://github.com/axios/axios
55,552661142,langchain,langchain-ai/langchain,106526,17320,Jupyter Notebook,MIT,2022-10-17 02:58:36+00:00,2025-04-29 00:16:09+00:00,2025-04-28 20:15:51+00:00,419656,358,https://github.com/langchain-ai/langchain
56,576201,three.js,mrdoob/three.js,105937,35726,JavaScript,MIT,2010-03-23 18:58:01+00:00,2025-04-29 00:24:07+00:00,2025-04-28 19:59:37+00:00,1428816,557,https://github.com/mrdoob/three.js
57,20929025,TypeScript,microsoft/TypeScript,104208,12815,TypeScript,Apache-2.0,2014-06-17 15:28:39+00:00,2025-04-28 21:45:06+00:00,2025-04-28 00:19:25+00:00,2882599,6042,https://github.com/microsoft/TypeScript
58,63537249,create-react-app,facebook/create-react-app,103182,27009,JavaScript,MIT,2016-07-17 14:55:11+00:00,2025-04-28 20:58:57+00:00,2025-02-15 01:32:11+00:00,25186,2309,https://github.com/facebook/create-react-app
59,724712,rust,rust-lang/rust,103093,13295,Rust,NOASSERTION,2010-06-16 20:39:03+00:00,2025-04-28 23:56:14+00:00,2025-04-28 20:29:16+00:00,655027,10988,https://github.com/rust-lang/rust
60,133442384,deno,denoland/deno,102792,5566,Rust,MIT,2018-05-15 01:34:26+00:00,2025-04-29 00:26:22+00:00,2025-04-28 22:12:12+00:00,172053,2167,https://github.com/denoland/deno
61,103633984,nodebestpractices,goldbergyoni/nodebestpractices,102446,10419,Dockerfile,CC-BY-SA-4.0,2017-09-15 08:33:19+00:00,2025-04-28 23:34:04+00:00,2025-04-15 21:52:42+00:00,69535,80,https://github.com/goldbergyoni/nodebestpractices
62,58028038,HelloGitHub,521xueweihan/HelloGitHub,102061,9911,Python,,2016-05-04 06:24:11+00:00,2025-04-28 23:41:55+00:00,2025-04-28 01:35:39+00:00,6303,222,https://github.com/521xueweihan/HelloGitHub
63,231283452,excalidraw,excalidraw/excalidraw,98558,9576,TypeScript,MIT,2020-01-02 01:04:43+00:00,2025-04-29 00:09:45+00:00,2025-04-28 17:49:49+00:00,92854,2113,https://github.com/excalidraw/excalidraw
64,100060912,terminal,microsoft/terminal,97921,8536,C++,MIT,2017-08-11 18:38:22+00:00,2025-04-29 00:38:33+00:00,2025-04-29 00:14:28+00:00,152939,1654,https://github.com/microsoft/terminal
65,24195339,angular,angular/angular,97605,26162,TypeScript,MIT,2014-09-18 16:12:01+00:00,2025-04-29 00:18:56+00:00,2025-04-28 23:24:15+00:00,533185,1601,https://github.com/angular/angular
66,15634981,godot,godotengine/godot,96675,22249,C++,MIT,2014-01-04 16:05:36+00:00,2025-04-28 23:51:25+00:00,2025-04-28 23:51:19+00:00,1544494,15300,https://github.com/godotengine/godot
67,908531752,DeepSeek-V3,deepseek-ai/DeepSeek-V3,96195,15645,Python,MIT,2024-12-26 09:52:40+00:00,2025-04-28 21:15:15+00:00,2025-04-09 01:50:40+00:00,1764,98,https://github.com/deepseek-ai/DeepSeek-V3
68,23083156,material-ui,mui/material-ui,95465,32551,TypeScript,MIT,2014-08-18 19:11:54+00:00,2025-04-28 22:36:50+00:00,2025-04-28 15:09:44+00:00,687774,1787,https://github.com/mui/material-ui
69,32484381,free-for-dev,ripienaar/free-for-dev,95042,10281,HTML,,2015-03-18 21:06:26+00:00,2025-04-28 20:55:23+00:00,2025-04-28 11:33:19+00:00,8583,12,https://github.com/ripienaar/free-for-dev
70,626805178,dify,langgenius/dify,94849,14170,TypeScript,NOASSERTION,2023-04-12 07:40:24+00:00,2025-04-29 00:31:57+00:00,2025-04-28 13:05:02+00:00,89735,688,https://github.com/langgenius/dify
71,34526884,ant-design,ant-design/ant-design,94430,52118,TypeScript,MIT,2015-04-24 15:37:24+00:00,2025-04-28 22:21:30+00:00,2025-04-28 17:29:53+00:00,222988,1304,https://github.com/ant-design/ant-design
72,48378947,frp,fatedier/frp,93200,13959,Go,Apache-2.0,2015-12-21 15:24:59+00:00,2025-04-29 00:14:47+00:00,2025-04-28 06:25:22+00:00,30447,62,https://github.com/fatedier/frp
73,74791366,clean-code-javascript,ryanmcdermott/clean-code-javascript,92848,12420,JavaScript,MIT,2016-11-25 22:25:41+00:00,2025-04-28 21:18:58+00:00,2024-07-29 07:24:37+00:00,520,108,https://github.com/ryanmcdermott/clean-code-javascript
74,157616880,iptv,iptv-org/iptv,92813,3432,TypeScript,Unlicense,2018-11-14 22:00:57+00:00,2025-04-29 00:24:43+00:00,2025-04-29 00:11:48+00:00,850398,298,https://github.com/iptv-org/iptv
75,15204860,papers-we-love,papers-we-love/papers-we-love,92631,5913,Shell,,2013-12-15 14:31:41+00:00,2025-04-29 00:23:51+00:00,2025-04-02 09:31:41+00:00,230835,1,https://github.com/papers-we-love/papers-we-love
76,196701619,tauri,tauri-apps/tauri,91942,2820,Rust,Apache-2.0,2019-07-13 09:09:37+00:00,2025-04-29 00:38:49+00:00,2025-04-28 19:42:44+00:00,95969,1086,https://github.com/tauri-apps/tauri
77,701547123,open-webui,open-webui/open-webui,91786,11622,JavaScript,BSD-3-Clause,2023-10-06 22:08:27+00:00,2025-04-29 00:07:10+00:00,2025-04-28 18:17:51+00:00,199718,196,https://github.com/open-webui/open-webui
78,55076063,Awesome-Hacking,Hack-with-Github/Awesome-Hacking,91774,9237,,CC0-1.0,2016-03-30 15:47:10+00:00,2025-04-29 00:29:13+00:00,2025-01-18 01:48:02+00:00,160,23,https://github.com/Hack-with-Github/Awesome-Hacking
79,33614304,thefuck,nvbn/thefuck,91679,3682,Python,MIT,2015-04-08 15:08:04+00:00,2025-04-28 23:48:05+00:00,2024-07-19 14:56:13+00:00,4043,376,https://github.com/nvbn/thefuck
80,22790488,java-design-patterns,iluwatar/java-design-patterns,91413,26940,Java,NOASSERTION,2014-08-09 16:45:18+00:00,2025-04-29 00:04:11+00:00,2025-04-28 23:42:11+00:00,46688,137,https://github.com/iluwatar/java-design-patterns
81,90796663,puppeteer,puppeteer/puppeteer,90504,9196,TypeScript,Apache-2.0,2017-05-09 22:16:13+00:00,2025-04-28 16:44:15+00:00,2025-04-28 16:41:58+00:00,1082449,269,https://github.com/puppeteer/puppeteer
82,65600975,pytorch,pytorch/pytorch,89478,23987,Python,NOASSERTION,2016-08-13 05:26:41+00:00,2025-04-29 00:36:37+00:00,2025-04-29 00:39:18+00:00,1053302,16241,https://github.com/pytorch/pytorch
83,88464704,vue-element-admin,PanJiaChen/vue-element-admin,89222,30583,Vue,MIT,2017-04-17 03:35:49+00:00,2025-04-28 23:40:05+00:00,2024-10-24 11:25:46+00:00,15433,1359,https://github.com/PanJiaChen/vue-element-admin
84,16408992,neovim,neovim/neovim,89034,6050,Vim Script,NOASSERTION,2014-01-31 13:39:22+00:00,2025-04-28 23:48:24+00:00,2025-04-28 23:48:18+00:00,319432,1915,https://github.com/neovim/neovim
85,919443098,DeepSeek-R1,deepseek-ai/DeepSeek-R1,88913,11493,,MIT,2025-01-20 11:57:28+00:00,2025-04-28 22:44:28+00:00,2025-04-09 05:36:23+00:00,1585,262,https://github.com/deepseek-ai/DeepSeek-R1
86,311525798,Web-Dev-For-Beginners,microsoft/Web-Dev-For-Beginners,87564,13206,JavaScript,MIT,2020-11-10 02:44:00+00:00,2025-04-29 00:33:05+00:00,2025-03-10 20:27:28+00:00,95702,140,https://github.com/microsoft/Web-Dev-For-Beginners
87,299354207,rustdesk,rustdesk/rustdesk,87493,12431,Rust,AGPL-3.0,2020-09-28 15:36:08+00:00,2025-04-28 23:45:52+00:00,2025-04-28 13:48:14+00:00,54485,62,https://github.com/rustdesk/rustdesk
88,106017343,tailwindcss,tailwindlabs/tailwindcss,87465,4506,TypeScript,MIT,2017-10-06 14:59:14+00:00,2025-04-28 23:32:30+00:00,2025-04-28 17:30:02+00:00,110279,94,https://github.com/tailwindlabs/tailwindcss
89,101296881,every-programmer-should-know,mtdvio/every-programmer-should-know,86974,8000,,CC-BY-4.0,2017-08-24 13:18:26+00:00,2025-04-28 19:50:52+00:00,2024-08-06 12:01:28+00:00,183,54,https://github.com/mtdvio/every-programmer-should-know
90,193215554,n8n,n8n-io/n8n,86898,23578,TypeScript,NOASSERTION,2019-06-22 09:24:21+00:00,2025-04-29 00:39:07+00:00,2025-04-28 18:04:35+00:00,207980,724,https://github.com/n8n-io/n8n
91,54173593,storybook,storybookjs/storybook,86485,9525,TypeScript,MIT,2016-03-18 04:23:44+00:00,2025-04-29 00:36:43+00:00,2025-04-28 21:50:24+00:00,978653,2219,https://github.com/storybookjs/storybook
92,585146387,ui,shadcn-ui/ui,86083,5823,TypeScript,MIT,2023-01-04 12:43:27+00:00,2025-04-29 00:34:04+00:00,2025-04-28 18:28:30+00:00,27913,1755,https://github.com/shadcn-ui/ui
93,612230,nvm,nvm-sh/nvm,84225,8724,Shell,MIT,2010-04-15 17:47:47+00:00,2025-04-29 00:33:45+00:00,2025-04-23 23:34:46+00:00,3869,346,https://github.com/nvm-sh/nvm
94,160919119,fastapi,fastapi/fastapi,83857,7273,Python,MIT,2018-12-08 08:21:47+00:00,2025-04-28 23:58:35+00:00,2025-04-28 18:37:56+00:00,26611,355,https://github.com/fastapi/fastapi
95,4164482,django,django/django,83351,32533,Python,BSD-3-Clause,2012-04-28 02:47:18+00:00,2025-04-28 20:48:53+00:00,2025-04-28 20:48:19+00:00,267597,329,https://github.com/django/django
96,1181927,bitcoin,bitcoin/bitcoin,83079,37120,C++,MIT,2010-12-19 15:16:43+00:00,2025-04-28 23:51:49+00:00,2025-04-28 21:43:55+00:00,280492,712,https://github.com/bitcoin/bitcoin
97,612344730,NextChat,ChatGPTNextWeb/NextChat,83068,61183,TypeScript,MIT,2023-03-10 18:27:54+00:00,2025-04-29 00:18:02+00:00,2025-04-19 08:00:42+00:00,20274,724,https://github.com/ChatGPTNextWeb/NextChat
98,172562475,app-ideas,florinpop17/app-ideas,83052,9682,,MIT,2019-02-25 18:36:56+00:00,2025-04-28 23:49:29+00:00,2024-08-16 09:41:10+00:00,614,479,https://github.com/florinpop17/app-ideas
99,74293321,svelte,sveltejs/svelte,82409,4488,JavaScript,MIT,2016-11-20 18:13:05+00:00,2025-04-29 00:00:30+00:00,2025-04-28 22:16:44+00:00,113868,809,https://github.com/sveltejs/svelte
100,63539055,awesome-mac,jaywcjlove/awesome-mac,82385,6489,JavaScript,CC0-1.0,2016-07-17 15:33:47+00:00,2025-04-28 23:15:22+00:00,2025-04-28 14:33:51+00:00,20340,150,https://github.com/jaywcjlove/awesome-mac
101,20904437,gin,gin-gonic/gin,81983,8181,Go,MIT,2014-06-16 23:57:25+00:00,2025-04-28 23:11:15+00:00,2025-04-21 22:48:27+00:00,3679,858,https://github.com/gin-gonic/gin
102,5108051,opencv,opencv/opencv,81920,56151,C++,Apache-2.0,2012-07-19 09:40:17+00:00,2025-04-28 23:08:08+00:00,2025-04-28 16:55:04+00:00,545195,2717,https://github.com/opencv/opencv
103,214587193,supabase,supabase/supabase,81702,8406,TypeScript,Apache-2.0,2019-10-12 05:56:49+00:00,2025-04-28 23:59:08+00:00,2025-04-28 20:54:09+00:00,1686363,615,https://github.com/supabase/supabase
104,2561582,animate.css,animate-css/animate.css,81631,16221,CSS,NOASSERTION,2011-10-12 10:07:38+00:00,2025-04-28 22:04:09+00:00,2024-07-29 19:34:21+00:00,2002,57,https://github.com/animate-css/animate.css
105,52631841,realworld,gothinkster/realworld,81500,7430,TypeScript,MIT,2016-02-26 20:49:53+00:00,2025-04-28 17:45:41+00:00,2024-12-02 17:20:18+00:00,35366,70,https://github.com/gothinkster/realworld
106,243950408,HowToCook,Anduin2017/HowToCook,81439,9728,Dockerfile,Unlicense,2020-02-29 10:43:49+00:00,2025-04-29 00:26:31+00:00,2025-04-28 06:14:12+00:00,463594,418,https://github.com/Anduin2017/HowToCook
107,655806940,generative-ai-for-beginners,microsoft/generative-ai-for-beginners,80835,41624,Jupyter Notebook,MIT,2023-06-19 16:28:59+00:00,2025-04-29 00:36:36+00:00,2025-04-28 03:50:42+00:00,131510,19,https://github.com/microsoft/generative-ai-for-beginners
108,537603333,whisper,openai/whisper,80823,9707,Python,MIT,2022-09-16 20:02:54+00:00,2025-04-28 23:51:18+00:00,2025-01-04 20:56:17+00:00,4095,97,https://github.com/openai/whisper
109,1863329,laravel,laravel/laravel,80727,24327,Blade,,2011-06-08 03:06:08+00:00,2025-04-28 22:52:31+00:00,2025-04-16 11:37:18+00:00,10849,31,https://github.com/laravel/laravel
110,11180687,hugo,gohugoio/hugo,80145,7782,Go,Apache-2.0,2013-07-04 15:26:26+00:00,2025-04-29 00:29:31+00:00,2025-04-28 19:42:16+00:00,131058,466,https://github.com/gohugoio/hugo
111,127988011,mall,macrozheng/mall,80090,29216,Java,Apache-2.0,2018-04-04 01:11:44+00:00,2025-04-29 00:26:59+00:00,2025-04-18 02:35:38+00:00,58689,20,https://github.com/macrozheng/mall
112,612354784,llama.cpp,ggml-org/llama.cpp,78923,11537,C++,MIT,2023-03-10 18:58:00+00:00,2025-04-29 00:34:24+00:00,2025-04-28 21:49:47+00:00,105431,752,https://github.com/ggml-org/llama.cpp
113,199570071,v2rayN,2dust/v2rayN,78909,12546,C#,GPL-3.0,2019-07-30 03:47:24+00:00,2025-04-29 00:34:18+00:00,2025-04-28 08:00:26+00:00,42271,9,https://github.com/2dust/v2rayN
114,26500787,FiraCode,tonsky/FiraCode,78838,3135,Clojure,OFL-1.1,2014-11-11 19:32:38+00:00,2025-04-28 22:07:00+00:00,2025-03-14 13:13:57+00:00,89010,409,https://github.com/tonsky/FiraCode
115,26066727,mermaid,mermaid-js/mermaid,78677,7444,TypeScript,MIT,2014-11-01 23:52:32+00:00,2025-04-28 22:54:48+00:00,2025-04-28 19:56:55+00:00,248875,1332,https://github.com/mermaid-js/mermaid
116,12888993,core,home-assistant/core,78333,33439,Python,Apache-2.0,2013-09-17 07:29:48+00:00,2025-04-28 23:42:18+00:00,2025-04-28 20:31:27+00:00,708918,3145,https://github.com/home-assistant/core
117,357728969,bun,oven-sh/bun,77731,3044,Zig,NOASSERTION,2021-04-14 00:48:17+00:00,2025-04-28 23:48:41+00:00,2025-04-29 00:39:38+00:00,251406,4796,https://github.com/oven-sh/bun
118,151834062,advanced-java,doocs/advanced-java,77527,19181,Java,CC-BY-SA-4.0,2018-10-06 11:38:30+00:00,2025-04-29 00:22:07+00:00,2025-04-23 12:30:49+00:00,26586,0,https://github.com/doocs/advanced-java
119,51117837,models,tensorflow/models,77501,45613,Python,NOASSERTION,2016-02-05 01:15:20+00:00,2025-04-28 11:59:15+00:00,2025-04-16 21:55:17+00:00,641643,1251,https://github.com/tensorflow/models
120,32689863,manim,3b1b/manim,77077,6664,Python,MIT,2015-03-22 18:50:58+00:00,2025-04-29 00:04:31+00:00,2025-03-20 19:00:35+00:00,76438,457,https://github.com/3b1b/manim
121,6296790,spring-boot,spring-projects/spring-boot,76944,41120,Java,Apache-2.0,2012-10-19 15:02:57+00:00,2025-04-28 21:22:22+00:00,2025-04-28 20:34:34+00:00,188353,533,https://github.com/spring-projects/spring-boot
122,160640094,LeetCodeAnimation,MisterBooo/LeetCodeAnimation,75875,13985,Java,,2018-12-06 08:01:22+00:00,2025-04-28 09:54:36+00:00,2023-08-14 12:14:01+00:00,509807,21,https://github.com/MisterBooo/LeetCodeAnimation
123,589831718,ComfyUI,comfyanonymous/ComfyUI,75514,8233,Python,GPL-3.0,2023-01-17 03:15:56+00:00,2025-04-29 00:32:57+00:00,2025-04-28 19:01:18+00:00,69635,2326,https://github.com/comfyanonymous/ComfyUI
124,212639071,devops-exercises,bregman-arie/devops-exercises,75363,16756,Python,NOASSERTION,2019-10-03 17:31:21+00:00,2025-04-29 00:36:29+00:00,2025-04-24 19:36:05+00:00,7771,34,https://github.com/bregman-arie/devops-exercises
125,3470471,Font-Awesome,FortAwesome/Font-Awesome,75143,12212,JavaScript,NOASSERTION,2012-02-17 14:19:43+00:00,2025-04-28 16:34:34+00:00,2024-12-16 21:32:57+00:00,132252,4155,https://github.com/FortAwesome/Font-Awesome
126,47018239,awesome-interview-questions,DopplerHQ/awesome-interview-questions,74580,9070,,,2015-11-28 09:48:17+00:00,2025-04-28 22:59:44+00:00,2024-07-29 14:21:23+00:00,488,50,https://github.com/DopplerHQ/awesome-interview-questions
127,10744183,netdata,netdata/netdata,74413,6050,C,GPL-3.0,2013-06-17 18:39:10+00:00,2025-04-29 00:23:11+00:00,2025-04-29 00:23:07+00:00,230694,219,https://github.com/netdata/netdata
128,14747598,json-server,typicode/json-server,74118,7129,JavaScript,NOASSERTION,2013-11-27 13:21:13+00:00,2025-04-28 23:09:03+00:00,2025-03-31 11:11:50+00:00,4507,712,https://github.com/typicode/json-server
129,44882201,awesome-for-beginners,MunGell/awesome-for-beginners,73532,7234,,,2015-10-24 19:53:36+00:00,2025-04-29 00:11:40+00:00,2025-04-24 23:03:14+00:00,805,12,https://github.com/MunGell/awesome-for-beginners
130,619959033,gpt4all,nomic-ai/gpt4all,73212,7977,C++,MIT,2023-03-27 18:49:32+00:00,2025-04-28 22:55:56+00:00,2025-03-19 23:33:36+00:00,44833,710,https://github.com/nomic-ai/gpt4all
131,278335273,github-readme-stats,anuraghazra/github-readme-stats,72843,24552,JavaScript,MIT,2020-07-09 10:34:22+00:00,2025-04-29 00:09:31+00:00,2025-04-28 19:14:43+00:00,5491,401,https://github.com/anuraghazra/github-readme-stats
132,44571718,awesome-vue,vuejs/awesome-vue,72827,9471,,MIT,2015-10-20 00:16:14+00:00,2025-04-29 00:23:41+00:00,2025-04-16 15:38:54+00:00,12866,54,https://github.com/vuejs/awesome-vue
133,145553672,funNLP,fighting41love/funNLP,72721,14822,Python,,2018-08-21 11:20:39+00:00,2025-04-28 18:48:30+00:00,2024-05-10 07:38:24+00:00,174188,38,https://github.com/fighting41love/funNLP
134,507775,elasticsearch,elastic/elasticsearch,72504,25187,Java,NOASSERTION,2010-02-08 13:20:56+00:00,2025-04-29 00:23:48+00:00,2025-04-28 23:15:01+00:00,1400679,5054,https://github.com/elastic/elasticsearch
135,257485422,vite,vitejs/vite,72390,6650,TypeScript,MIT,2020-04-21 05:03:57+00:00,2025-04-28 22:26:24+00:00,2025-04-28 22:42:30+00:00,46153,614,https://github.com/vitejs/vite
136,221981891,playwright,microsoft/playwright,72181,4106,TypeScript,Apache-2.0,2019-11-15 18:32:42+00:00,2025-04-29 00:26:51+00:00,2025-04-28 21:17:50+00:00,171478,801,https://github.com/microsoft/playwright
137,343965132,ML-For-Beginners,microsoft/ML-For-Beginners,72041,15565,HTML,MIT,2021-03-03 01:34:05+00:00,2025-04-29 00:04:15+00:00,2025-04-16 15:36:30+00:00,749206,7,https://github.com/microsoft/ML-For-Beginners
138,693342566,system-design-101,ByteByteGoHq/system-design-101,71916,7645,,NOASSERTION,2023-09-18 20:52:03+00:00,2025-04-28 22:49:54+00:00,2025-04-04 17:30:30+00:00,46759,44,https://github.com/ByteByteGoHq/system-design-101
139,203587744,hoppscotch,hoppscotch/hoppscotch,71438,4898,TypeScript,MIT,2019-08-21 13:15:24+00:00,2025-04-28 23:54:11+00:00,2025-04-28 23:44:12+00:00,89185,535,https://github.com/hoppscotch/hoppscotch
140,172953845,code-server,coder/code-server,71412,5906,TypeScript,MIT,2019-02-27 16:50:41+00:00,2025-04-29 00:21:33+00:00,2025-04-28 22:29:18+00:00,53332,153,https://github.com/coder/code-server
141,80945428,nest,nestjs/nest,70630,7839,TypeScript,MIT,2017-02-04 20:12:52+00:00,2025-04-28 23:51:52+00:00,2025-04-28 19:27:14+00:00,366986,57,https://github.com/nestjs/nest
142,523379232,stable-diffusion,CompVis/stable-diffusion,70474,10401,Jupyter Notebook,NOASSERTION,2022-08-10 14:36:44+00:00,2025-04-29 00:30:08+00:00,2024-06-18 01:53:49+00:00,43676,604,https://github.com/CompVis/stable-diffusion
143,107111421,Front-End-Checklist,thedaviddias/Front-End-Checklist,69979,6486,,CC0-1.0,2017-10-16 10:12:36+00:00,2025-04-28 19:50:31+00:00,2025-02-14 00:53:27+00:00,3015,2,https://github.com/thedaviddias/Front-End-Checklist
144,718741813,screenshot-to-code,abi/screenshot-to-code,69755,8608,Python,MIT,2023-11-14 17:53:32+00:00,2025-04-29 00:17:30+00:00,2025-04-23 18:40:55+00:00,3152,123,https://github.com/abi/screenshot-to-code
145,13807606,fzf,junegunn/fzf,69753,2504,Go,MIT,2013-10-23 16:04:23+00:00,2025-04-28 23:55:13+00:00,2025-04-27 15:27:51+00:00,7089,287,https://github.com/junegunn/fzf
146,14712850,syncthing,syncthing/syncthing,69722,4494,Go,MPL-2.0,2013-11-26 09:48:21+00:00,2025-04-28 21:30:36+00:00,2025-04-28 03:52:13+00:00,123197,381,https://github.com/syncthing/syncthing
147,7691631,moby,moby/moby,69637,18740,Go,Apache-2.0,2013-01-18 18:10:57+00:00,2025-04-29 00:36:24+00:00,2025-04-28 12:43:54+00:00,230348,3570,https://github.com/moby/moby
148,596892,flask,pallets/flask,69425,16375,Python,BSD-3-Clause,2010-04-06 11:11:59+00:00,2025-04-29 00:16:50+00:00,2025-03-30 20:17:35+00:00,10754,6,https://github.com/pallets/flask
149,156018,redis,redis/redis,68869,23986,C,NOASSERTION,2009-03-21 22:32:25+00:00,2025-04-29 00:23:33+00:00,2025-04-28 12:09:33+00:00,200207,2598,https://github.com/redis/redis
150,101138315,d2l-zh,d2l-ai/d2l-zh,68860,11594,Python,Apache-2.0,2017-08-23 04:40:24+00:00,2025-04-29 00:23:18+00:00,2024-07-30 09:32:19+00:00,316965,109,https://github.com/d2l-ai/d2l-zh
151,1861458,reveal.js,hakimel/reveal.js,68787,16721,JavaScript,MIT,2011-06-07 18:54:22+00:00,2025-04-28 19:45:16+00:00,2025-04-28 11:24:57+00:00,27947,852,https://github.com/hakimel/reveal.js
152,71583602,cs-video-courses,Developer-Y/cs-video-courses,68598,9280,,,2016-10-21 17:02:11+00:00,2025-04-28 19:52:25+00:00,2025-04-27 15:04:07+00:00,947,3,https://github.com/Developer-Y/cs-video-courses
153,44838949,swift,swiftlang/swift,68505,10461,C++,Apache-2.0,2015-10-23 21:15:07+00:00,2025-04-28 23:49:12+00:00,2025-04-29 00:25:49+00:00,1236481,8200,https://github.com/swiftlang/swift
154,596115135,node,base/node,68498,2684,Shell,MIT,2023-02-01 13:55:02+00:00,2025-04-28 23:50:04+00:00,2025-04-28 23:49:58+00:00,2743,66,https://github.com/base/node
155,616372661,gpt_academic,binary-husky/gpt_academic,68301,8339,Python,GPL-3.0,2023-03-20 09:05:13+00:00,2025-04-28 23:27:25+00:00,2025-04-20 16:50:35+00:00,71920,270,https://github.com/binary-husky/gpt_academic
156,382496361,uptime-kuma,louislam/uptime-kuma,67844,5959,JavaScript,MIT,2021-07-03 01:02:42+00:00,2025-04-29 00:33:40+00:00,2025-04-27 16:48:05+00:00,28911,784,https://github.com/louislam/uptime-kuma
157,21872392,awesome-machine-learning,josephmisiti/awesome-machine-learning,67803,14877,Python,NOASSERTION,2014-07-15 19:11:19+00:00,2025-04-28 22:57:45+00:00,2025-04-12 20:31:11+00:00,3054,3,https://github.com/josephmisiti/awesome-machine-learning
158,22670857,awesome-react,enaqx/awesome-react,67777,7331,,,2014-08-06 05:31:44+00:00,2025-04-28 21:02:21+00:00,2024-12-06 20:56:37+00:00,2576,25,https://github.com/enaqx/awesome-react
159,15111821,grafana,grafana/grafana,67713,12572,TypeScript,AGPL-3.0,2013-12-11 15:59:56+00:00,2025-04-29 00:34:31+00:00,2025-04-29 00:24:27+00:00,1374913,3951,https://github.com/grafana/grafana
160,23357588,protobuf,protocolbuffers/protobuf,67406,15687,C++,NOASSERTION,2014-08-26 15:52:15+00:00,2025-04-28 23:24:59+00:00,2025-04-28 23:24:56+00:00,187535,292,https://github.com/protocolbuffers/protobuf
161,237159,express,expressjs/express,66858,18327,JavaScript,MIT,2009-06-26 18:56:01+00:00,2025-04-29 00:23:00+00:00,2025-04-26 20:37:08+00:00,9546,182,https://github.com/expressjs/express
162,83999700,Best-websites-a-programmer-should-visit,sdmg15/Best-websites-a-programmer-should-visit,66666,8119,,MIT,2017-03-05 20:25:17+00:00,2025-04-28 22:36:02+00:00,2025-03-10 18:09:14+00:00,2002,925,https://github.com/sdmg15/Best-websites-a-programmer-should-visit
163,81598961,cpython,python/cpython,66621,31729,Python,NOASSERTION,2017-02-10 19:23:51+00:00,2025-04-28 23:53:52+00:00,2025-04-28 23:23:46+00:00,686905,9052,https://github.com/python/cpython
164,22887094,tesseract,tesseract-ocr/tesseract,66456,9843,C++,Apache-2.0,2014-08-12 18:04:59+00:00,2025-04-28 23:45:57+00:00,2025-04-27 17:52:04+00:00,53547,443,https://github.com/tesseract-ocr/tesseract
165,43441403,strapi,strapi/strapi,66408,8507,TypeScript,NOASSERTION,2015-09-30 15:34:48+00:00,2025-04-29 00:23:32+00:00,2025-04-28 15:31:31+00:00,569782,1077,https://github.com/strapi/strapi
166,246335987,Ventoy,ventoy/Ventoy,66303,4239,C,GPL-3.0,2020-03-10 15:19:19+00:00,2025-04-28 23:04:42+00:00,2025-03-03 06:42:50+00:00,213812,936,https://github.com/ventoy/Ventoy
167,39464018,superset,apache/superset,65957,14917,Jupyter Notebook,Apache-2.0,2015-07-21 18:55:34+00:00,2025-04-28 23:52:15+00:00,2025-04-28 23:52:11+00:00,743181,899,https://github.com/apache/superset
168,8843683,Chart.js,chartjs/Chart.js,65779,11942,JavaScript,MIT,2013-03-17 23:56:36+00:00,2025-04-29 00:02:20+00:00,2025-04-25 11:47:44+00:00,43276,477,https://github.com/chartjs/Chart.js
169,3678731,webpack,webpack/webpack,65238,9079,JavaScript,MIT,2012-03-10 10:08:14+00:00,2025-04-29 00:29:15+00:00,2025-04-28 18:30:54+00:00,68444,238,https://github.com/webpack/webpack
170,147350463,33-js-concepts,leonardomso/33-js-concepts,65098,9102,JavaScript,MIT,2018-09-04 13:27:04+00:00,2025-04-28 20:58:46+00:00,2025-04-27 17:12:57+00:00,1260,82,https://github.com/leonardomso/33-js-concepts
171,22067521,imgui,ocornut/imgui,65077,10816,C++,MIT,2014-07-21 14:29:47+00:00,2025-04-28 23:23:12+00:00,2025-04-28 21:10:49+00:00,105250,1124,https://github.com/ocornut/imgui
172,71220757,PayloadsAllTheThings,swisskyrepo/PayloadsAllTheThings,64999,15289,Python,MIT,2016-10-18 07:29:07+00:00,2025-04-28 23:42:50+00:00,2025-04-09 09:16:20+00:00,23513,19,https://github.com/swisskyrepo/PayloadsAllTheThings
173,3638964,ansible,ansible/ansible,64855,24019,Python,GPL-3.0,2012-03-06 14:58:02+00:00,2025-04-28 19:57:05+00:00,2025-04-24 16:48:12+00:00,258452,849,https://github.com/ansible/ansible
174,455229168,immich,immich-app/immich,64672,3399,TypeScript,AGPL-3.0,2022-02-03 15:56:27+00:00,2025-04-29 00:11:44+00:00,2025-04-29 00:14:07+00:00,220164,497,https://github.com/immich-app/immich
175,620936652,gpt4free,xtekky/gpt4free,64122,13618,Python,GPL-3.0,2023-03-29 17:00:43+00:00,2025-04-28 23:49:20+00:00,2025-04-26 21:54:02+00:00,165068,36,https://github.com/xtekky/gpt4free
176,81975372,interviews,kdn251/interviews,64098,12918,Java,MIT,2017-02-14 18:19:25+00:00,2025-04-28 21:06:29+00:00,2024-05-13 08:48:36+00:00,24091,111,https://github.com/kdn251/interviews
177,162998479,sherlock,sherlock-project/sherlock,63980,7417,Python,MIT,2018-12-24 14:30:48+00:00,2025-04-29 00:27:30+00:00,2025-04-23 07:48:52+00:00,17822,215,https://github.com/sherlock-project/sherlock
178,29207621,caddy,caddyserver/caddy,63907,4276,Go,Apache-2.0,2015-01-13 19:45:03+00:00,2025-04-29 00:34:57+00:00,2025-04-28 15:14:11+00:00,19097,180,https://github.com/caddyserver/caddy
179,191529732,javascript-questions,lydiahallie/javascript-questions,63846,9081,,MIT,2019-06-12 08:26:27+00:00,2025-04-28 17:38:15+00:00,2024-08-04 16:08:40+00:00,4330,42,https://github.com/lydiahallie/javascript-questions
180,13233158,obs-studio,obsproject/obs-studio,63800,8369,C,GPL-2.0,2013-10-01 02:40:31+00:00,2025-04-28 22:44:53+00:00,2025-04-28 22:16:09+00:00,75821,896,https://github.com/obsproject/obs-studio
181,468576060,openai-cookbook,openai/openai-cookbook,63603,10335,MDX,MIT,2022-03-11 02:08:53+00:00,2025-04-28 23:46:56+00:00,2025-04-28 10:46:58+00:00,457068,69,https://github.com/openai/openai-cookbook
182,77213120,tabby,Eugeny/tabby,63392,3590,TypeScript,MIT,2016-12-23 09:06:10+00:00,2025-04-29 00:28:29+00:00,2025-04-15 21:48:26+00:00,97462,2273,https://github.com/Eugeny/tabby
183,9185792,echarts,apache/echarts,63378,19713,TypeScript,Apache-2.0,2013-04-03 03:18:59+00:00,2025-04-28 22:37:40+00:00,2025-04-25 03:17:27+00:00,245475,2110,https://github.com/apache/echarts
184,21935031,awesome-cpp,fffaraz/awesome-cpp,63306,7963,,MIT,2014-07-17 08:51:11+00:00,2025-04-28 23:10:40+00:00,2025-04-22 05:40:43+00:00,2460,416,https://github.com/fffaraz/awesome-cpp
185,619859161,the-algorithm,twitter/the-algorithm,63127,12158,Scala,AGPL-3.0,2023-03-27 14:57:57+00:00,2025-04-28 18:02:41+00:00,2024-07-10 07:07:01+00:00,7803,458,https://github.com/twitter/the-algorithm
186,419347358,cs-self-learning,PKUFlyingPig/cs-self-learning,63016,7308,HTML,MIT,2021-10-20 13:43:42+00:00,2025-04-28 23:00:56+00:00,2025-04-06 07:54:48+00:00,61292,128,https://github.com/PKUFlyingPig/cs-self-learning
187,26898879,awesome-public-datasets,awesomedata/awesome-public-datasets,62990,10106,,MIT,2014-11-20 06:20:50+00:00,2025-04-28 23:43:42+00:00,2024-11-13 17:04:23+00:00,984,129,https://github.com/awesomedata/awesome-public-datasets
188,33015583,keras,keras-team/keras,62938,19577,Python,Apache-2.0,2015-03-28 00:35:42+00:00,2025-04-29 00:07:21+00:00,2025-04-28 17:33:51+00:00,46196,309,https://github.com/keras-team/keras
189,120538304,nocode,kelseyhightower/nocode,62630,4744,Dockerfile,Apache-2.0,2018-02-06 23:54:00+00:00,2025-04-28 20:27:44+00:00,2024-08-07 03:19:12+00:00,5,4527,https://github.com/kelseyhightower/nocode
190,377496562,AppFlowy,AppFlowy-IO/AppFlowy,62519,4210,Dart,AGPL-3.0,2021-06-16 12:56:48+00:00,2025-04-28 23:43:51+00:00,2025-04-28 14:13:13+00:00,92719,978,https://github.com/AppFlowy-IO/AppFlowy
191,3482588,SecLists,danielmiessler/SecLists,62446,24302,PHP,MIT,2012-02-19 01:30:18+00:00,2025-04-28 21:04:51+00:00,2025-04-28 19:50:11+00:00,2148942,5,https://github.com/danielmiessler/SecLists
192,1334369,resume.github.com,resume/resume.github.com,62397,1357,JavaScript,,2011-02-06 13:39:55+00:00,2025-04-28 22:33:04+00:00,2023-02-15 06:38:51+00:00,411,67,https://github.com/resume/resume.github.com
193,331107018,sway,FuelLabs/sway,62322,5387,Rust,Apache-2.0,2021-01-19 20:54:33+00:00,2025-04-28 23:36:45+00:00,2025-04-29 00:27:30+00:00,97286,869,https://github.com/FuelLabs/sway
194,557980,socket.io,socketio/socket.io,61965,10140,TypeScript,MIT,2010-03-11 18:24:48+00:00,2025-04-28 22:25:03+00:00,2025-03-28 20:32:26+00:00,32113,193,https://github.com/socketio/socket.io
195,843222,scikit-learn,scikit-learn/scikit-learn,61879,25777,Python,BSD-3-Clause,2010-08-17 09:43:38+00:00,2025-04-29 00:07:21+00:00,2025-04-28 23:12:27+00:00,168449,2160,https://github.com/scikit-learn/scikit-learn
196,18408635,Apollo-11,chrislgarry/Apollo-11,61712,7191,Assembly,NOASSERTION,2014-04-03 15:45:02+00:00,2025-04-28 22:44:26+00:00,2025-04-05 16:05:08+00:00,3401,124,https://github.com/chrislgarry/Apollo-11
197,115478820,awesome-scalability,binhnguyennus/awesome-scalability,61643,6233,,MIT,2017-12-27 03:46:40+00:00,2025-04-28 23:39:42+00:00,2025-03-16 01:27:17+00:00,1499,18,https://github.com/binhnguyennus/awesome-scalability
198,63477660,Java,TheAlgorithms/Java,61478,19882,Java,MIT,2016-07-16 10:21:02+00:00,2025-04-29 00:30:07+00:00,2025-04-28 22:32:05+00:00,5617,8,https://github.com/TheAlgorithms/Java
199,36535156,redux,reduxjs/redux,61174,15247,TypeScript,MIT,2015-05-29 23:53:15+00:00,2025-04-29 00:25:26+00:00,2025-04-24 14:52:53+00:00,34458,42,https://github.com/reduxjs/redux
200,54544023,new-pac,Alvin9999/new-pac,60837,9901,Python,,2016-03-23 08:43:36+00:00,2025-04-29 00:36:17+00:00,2025-04-29 00:36:12+00:00,6764,425,https://github.com/Alvin9999/new-pac
201,21737266,awesome-nodejs,sindresorhus/awesome-nodejs,60727,6023,,CC0-1.0,2014-07-11 13:35:34+00:00,2025-04-29 00:22:50+00:00,2025-04-04 19:28:41+00:00,1574,22,https://github.com/sindresorhus/awesome-nodejs
202,163883279,act,nektos/act,60639,1564,Go,MIT,2019-01-02 19:53:43+00:00,2025-04-29 00:29:34+00:00,2025-04-25 20:22:04+00:00,10138,224,https://github.com/nektos/act
203,578822531,localsend,localsend/localsend,60566,3232,Dart,Apache-2.0,2022-12-16 00:46:07+00:00,2025-04-29 00:15:16+00:00,2025-04-26 13:01:50+00:00,15341,665,https://github.com/localsend/localsend
204,261787758,design-resources-for-developers,bradtraversy/design-resources-for-developers,60516,11702,,MIT,2020-05-06 14:40:35+00:00,2025-04-28 22:17:09+00:00,2025-03-11 12:52:17+00:00,4918,1,https://github.com/bradtraversy/design-resources-for-developers
205,3228505,atom,atom/atom,60418,17346,JavaScript,MIT,2012-01-20 18:18:21+00:00,2025-04-28 15:08:41+00:00,2023-01-03 10:49:48+00:00,330585,993,https://github.com/atom/atom
206,3955647,lodash,lodash/lodash,60390,7065,JavaScript,NOASSERTION,2012-04-07 04:11:46+00:00,2025-04-29 00:13:10+00:00,2024-12-12 22:27:04+00:00,49142,103,https://github.com/lodash/lodash
207,290091948,annotated_deep_learning_paper_implementations,labmlai/annotated_deep_learning_paper_implementations,60354,6091,Python,MIT,2020-08-25 02:29:34+00:00,2025-04-28 22:40:14+00:00,2024-08-24 09:18:59+00:00,153812,36,https://github.com/labmlai/annotated_deep_learning_paper_implementations
208,3402537,Front-end-Developer-Interview-Questions,h5bp/Front-end-Developer-Interview-Questions,60266,11098,Nunjucks,MIT,2012-02-09 23:34:10+00:00,2025-04-28 13:45:29+00:00,2024-11-01 03:04:22+00:00,5963,42,https://github.com/h5bp/Front-end-Developer-Interview-Questions
209,26689598,awesome-courses,prakhar1989/awesome-courses,60212,8200,,,2014-11-15 18:36:49+00:00,2025-04-28 22:58:01+00:00,2023-05-04 12:49:34+00:00,1401,56,https://github.com/prakhar1989/awesome-courses
210,128398636,architect-awesome,xingshaocheng/architect-awesome,60163,17807,,,2018-04-06 13:30:58+00:00,2025-04-28 14:57:48+00:00,2024-04-11 11:32:12+00:00,3080,66,https://github.com/xingshaocheng/architect-awesome
211,4311796,markdown-here,adam-p/markdown-here,59897,11224,JavaScript,MIT,2012-05-13 03:27:22+00:00,2025-04-28 21:12:27+00:00,2024-12-11 01:56:45+00:00,16461,321,https://github.com/adam-p/markdown-here
212,94911145,docusaurus,facebook/docusaurus,59612,9010,TypeScript,MIT,2017-06-20 16:13:53+00:00,2025-04-29 00:13:59+00:00,2025-04-24 18:55:48+00:00,701824,359,https://github.com/facebook/docusaurus
213,643445235,lobe-chat,lobehub/lobe-chat,59571,12609,TypeScript,NOASSERTION,2023-05-21 07:19:12+00:00,2025-04-29 00:39:44+00:00,2025-04-29 00:30:40+00:00,386779,792,https://github.com/lobehub/lobe-chat
214,167174,jquery,jquery/jquery,59504,20614,JavaScript,MIT,2009-04-03 15:20:14+00:00,2025-04-28 22:33:35+00:00,2025-04-14 16:58:46+00:00,34594,94,https://github.com/jquery/jquery
215,134017286,lazygit,jesseduffield/lazygit,59378,2028,Go,MIT,2018-05-19 00:53:06+00:00,2025-04-29 00:19:43+00:00,2025-04-28 10:19:11+00:00,149857,747,https://github.com/jesseduffield/lazygit
216,53809090,anime,juliangarnier/anime,59284,4006,JavaScript,MIT,2016-03-13 21:37:45+00:00,2025-04-28 22:33:52+00:00,2025-04-25 07:02:57+00:00,66020,73,https://github.com/juliangarnier/anime
217,666299222,open-interpreter,OpenInterpreter/open-interpreter,59227,5044,Python,AGPL-3.0,2023-07-14 07:10:44+00:00,2025-04-28 17:19:18+00:00,2025-04-23 07:18:30+00:00,100324,259,https://github.com/OpenInterpreter/open-interpreter
218,7600409,shadowsocks-windows,shadowsocks/shadowsocks-windows,58783,16364,C#,NOASSERTION,2013-01-14 07:54:16+00:00,2025-04-28 22:20:24+00:00,2025-01-01 08:09:55+00:00,13489,193,https://github.com/shadowsocks/shadowsocks-windows
219,71948498,localstack,localstack/localstack,58755,4143,Python,NOASSERTION,2016-10-25 23:48:03+00:00,2025-04-28 21:48:31+00:00,2025-04-28 20:02:46+00:00,50512,308,https://github.com/localstack/localstack
220,460078,angular.js,angular/angular.js,58741,27404,JavaScript,MIT,2010-01-06 00:34:37+00:00,2025-04-28 20:58:18+00:00,2024-04-12 17:43:16+00:00,101796,463,https://github.com/angular/angular.js
221,51980455,alacritty,alacritty/alacritty,58488,3095,Rust,Apache-2.0,2016-02-18 05:02:30+00:00,2025-04-29 00:19:06+00:00,2025-04-11 02:08:21+00:00,13588,332,https://github.com/alacritty/alacritty
222,881458615,browser-use,browser-use/browser-use,58371,6307,Python,MIT,2024-10-31 16:00:56+00:00,2025-04-29 00:19:05+00:00,2025-04-28 13:49:50+00:00,9047,434,https://github.com/browser-use/browser-use
223,6838921,prometheus,prometheus/prometheus,58321,9534,Go,Apache-2.0,2012-11-24 11:14:12+00:00,2025-04-29 00:36:49+00:00,2025-04-28 22:41:36+00:00,255458,705,https://github.com/prometheus/prometheus
224,601538369,llama,meta-llama/llama,58168,9750,Python,NOASSERTION,2023-02-14 09:29:12+00:00,2025-04-28 20:49:16+00:00,2025-01-26 21:42:26+00:00,1150,481,https://github.com/meta-llama/llama
225,1148753,spring-framework,spring-projects/spring-framework,57947,38462,Java,Apache-2.0,2010-12-08 04:04:45+00:00,2025-04-28 23:16:32+00:00,2025-04-28 14:27:16+00:00,223494,318,https://github.com/spring-projects/spring-framework
226,42489829,rustlings,rust-lang/rustlings,57911,10564,Rust,MIT,2015-09-15 02:25:18+00:00,2025-04-28 23:29:12+00:00,2025-04-03 17:36:06+00:00,4169,71,https://github.com/rust-lang/rustlings
227,290882787,fuel-core,FuelLabs/fuel-core,57690,2847,Rust,NOASSERTION,2020-08-27 21:12:14+00:00,2025-04-28 23:32:38+00:00,2025-04-28 23:04:44+00:00,906953,157,https://github.com/FuelLabs/fuel-core
228,340547520,zed,zed-industries/zed,57538,3963,Rust,NOASSERTION,2021-02-20 03:01:06+00:00,2025-04-29 00:28:03+00:00,2025-04-29 00:27:59+00:00,194638,2625,https://github.com/zed-industries/zed
229,27574418,nerd-fonts,ryanoasis/nerd-fonts,57527,3743,CSS,NOASSERTION,2014-12-05 04:31:17+00:00,2025-04-28 21:20:24+00:00,2025-04-28 19:36:06+00:00,27475554,12,https://github.com/ryanoasis/nerd-fonts
230,594155488,Stirling-PDF,Stirling-Tools/Stirling-PDF,57148,4793,Java,MIT,2023-01-27 18:22:42+00:00,2025-04-29 00:36:55+00:00,2025-04-29 00:06:37+00:00,82868,222,https://github.com/Stirling-Tools/Stirling-PDF
231,599320067,langflow,langflow-ai/langflow,57120,6184,Python,MIT,2023-02-08 22:28:03+00:00,2025-04-29 00:35:24+00:00,2025-04-29 00:19:17+00:00,645551,978,https://github.com/langflow-ai/langflow
232,486550,html5-boilerplate,h5bp/html5-boilerplate,56911,12291,JavaScript,MIT,2010-01-24 18:03:24+00:00,2025-04-29 00:30:08+00:00,2025-04-16 15:20:34+00:00,22566,12,https://github.com/h5bp/html5-boilerplate
233,71995937,nuxt,nuxt/nuxt,56904,5236,TypeScript,MIT,2016-10-26 11:18:47+00:00,2025-04-28 23:48:32+00:00,2025-04-29 00:23:59+00:00,121819,875,https://github.com/nuxt/nuxt
234,8514,rails,rails/rails,56806,21825,Ruby,MIT,2008-04-11 02:19:47+00:00,2025-04-28 21:53:09+00:00,2025-04-28 19:50:58+00:00,264447,1307,https://github.com/rails/rails
235,173228436,ghidra,NationalSecurityAgency/ghidra,56612,6323,Java,Apache-2.0,2019-03-01 03:27:48+00:00,2025-04-28 23:49:34+00:00,2025-04-24 18:22:55+00:00,378223,1713,https://github.com/NationalSecurityAgency/ghidra
236,721767116,clash-verge-rev,clash-verge-rev/clash-verge-rev,56393,4369,TypeScript,GPL-3.0,2023-11-21 18:24:03+00:00,2025-04-29 00:39:41+00:00,2025-04-27 22:16:23+00:00,64240,175,https://github.com/clash-verge-rev/clash-verge-rev
237,138839979,DeepLearning-500-questions,scutan90/DeepLearning-500-questions,55874,15959,JavaScript,GPL-3.0,2018-06-27 06:36:45+00:00,2025-04-28 19:08:12+00:00,2024-06-26 12:10:14+00:00,207074,121,https://github.com/scutan90/DeepLearning-500-questions
238,36040894,gatsby,gatsbyjs/gatsby,55836,10294,JavaScript,MIT,2015-05-21 22:43:05+00:00,2025-04-28 20:59:02+00:00,2025-04-29 00:11:05+00:00,1147090,436,https://github.com/gatsbyjs/gatsby
239,228016443,leetcode-master,youngyangyang04/leetcode-master,55770,11965,Shell,,2019-12-14 12:05:42+00:00,2025-04-28 19:04:24+00:00,2025-04-09 11:59:27+00:00,99643,225,https://github.com/youngyangyang04/leetcode-master
240,635240594,private-gpt,zylon-ai/private-gpt,55712,7469,Python,Apache-2.0,2023-05-02 09:15:31+00:00,2025-04-28 21:39:13+00:00,2024-11-13 19:30:32+00:00,2778,268,https://github.com/zylon-ai/private-gpt
241,90528830,awesome-flutter,Solido/awesome-flutter,55634,6745,Dart,,2017-05-07 11:45:27+00:00,2025-04-29 00:39:43+00:00,2025-03-04 18:34:23+00:00,3451,25,https://github.com/Solido/awesome-flutter
242,5483330,you-get,soimort/you-get,55531,9751,Python,NOASSERTION,2012-08-20 15:53:36+00:00,2025-04-28 11:38:39+00:00,2025-04-27 15:33:25+00:00,3533,383,https://github.com/soimort/you-get
243,579082810,Prompt-Engineering-Guide,dair-ai/Prompt-Engineering-Guide,55490,5463,MDX,MIT,2022-12-16 16:04:50+00:00,2025-04-28 23:14:41+00:00,2025-04-25 13:35:45+00:00,27439,199,https://github.com/dair-ai/Prompt-Engineering-Guide
244,641656392,union,unionlabs/union,55367,2787,Rust,Apache-2.0,2023-05-16 22:33:39+00:00,2025-04-29 00:27:16+00:00,2025-04-29 00:33:17+00:00,463961,301,https://github.com/unionlabs/union
245,127407957,leetcode,azl397985856/leetcode,55280,9480,JavaScript,NOASSERTION,2018-03-30 09:13:51+00:00,2025-04-28 08:44:51+00:00,2025-02-22 08:07:33+00:00,126557,11,https://github.com/azl397985856/leetcode
246,660551251,MetaGPT,geekan/MetaGPT,55077,6548,Python,MIT,2023-06-30 09:04:55+00:00,2025-04-28 20:01:16+00:00,2025-03-31 07:17:13+00:00,184089,106,https://github.com/geekan/MetaGPT
247,529502,scrapy,scrapy/scrapy,55036,10768,Python,BSD-3-Clause,2010-02-22 02:01:14+00:00,2025-04-28 23:33:55+00:00,2025-04-24 07:43:02+00:00,28157,635,https://github.com/scrapy/scrapy
248,888092115,markitdown,microsoft/markitdown,54993,2762,Python,MIT,2024-11-13 19:56:40+00:00,2025-04-29 00:28:55+00:00,2025-04-13 16:31:40+00:00,3200,236,https://github.com/microsoft/markitdown
249,15019962,tldr,tldr-pages/tldr,54941,4428,Markdown,NOASSERTION,2013-12-08 07:34:43+00:00,2025-04-28 23:45:43+00:00,2025-04-28 18:26:45+00:00,35305,196,https://github.com/tldr-pages/tldr
250,577116112,awesome-chatgpt-prompts-zh,PlexPt/awesome-chatgpt-prompts-zh,54840,13568,,MIT,2022-12-12 01:55:03+00:00,2025-04-28 18:17:36+00:00,2025-01-01 08:34:33+00:00,39446,41,https://github.com/PlexPt/awesome-chatgpt-prompts-zh
251,152870372,weekly,ruanyf/weekly,54724,3206,,,2018-10-13 12:36:07+00:00,2025-04-29 00:25:40+00:00,2025-04-25 00:43:32+00:00,6650,5359,https://github.com/ruanyf/weekly
252,83844720,face_recognition,ageitgey/face_recognition,54663,13595,Python,MIT,2017-03-03 21:52:39+00:00,2025-04-28 15:19:10+00:00,2024-08-21 06:22:36+00:00,103959,808,https://github.com/ageitgey/face_recognition
253,19872456,react-router,remix-run/react-router,54655,10564,TypeScript,MIT,2014-05-16 22:22:51+00:00,2025-04-28 22:32:04+00:00,2025-04-29 00:26:16+00:00,37406,277,https://github.com/remix-run/react-router
254,36502,git,git/git,54576,26152,C,NOASSERTION,2008-07-23 14:21:26+00:00,2025-04-29 00:06:24+00:00,2025-04-28 23:01:11+00:00,275860,229,https://github.com/git/git
255,42408804,traefik,traefik/traefik,54432,5307,Go,MIT,2015-09-13 19:04:02+00:00,2025-04-29 00:36:05+00:00,2025-04-28 12:30:06+00:00,144631,647,https://github.com/traefik/traefik
256,67274736,element,ElemeFE/element,54227,14635,Vue,MIT,2016-09-03 06:19:26+00:00,2025-04-28 22:48:29+00:00,2024-08-20 07:40:13+00:00,93346,2909,https://github.com/ElemeFE/element
257,92443980,drawio-desktop,jgraph/drawio-desktop,54163,5253,JavaScript,Apache-2.0,2017-05-25 20:58:42+00:00,2025-04-28 20:38:41+00:00,2025-04-26 19:15:09+00:00,2823,51,https://github.com/jgraph/drawio-desktop
258,188660663,Real-Time-Voice-Cloning,CorentinJ/Real-Time-Voice-Cloning,54094,8952,Python,NOASSERTION,2019-05-26 08:56:15+00:00,2025-04-29 00:36:40+00:00,2024-08-14 19:54:03+00:00,369680,221,https://github.com/CorentinJ/Real-Time-Voice-Cloning
259,108761645,nocodb,nocodb/nocodb,54037,3800,TypeScript,AGPL-3.0,2017-10-29 18:51:48+00:00,2025-04-28 23:39:57+00:00,2025-04-28 23:21:37+00:00,1277904,697,https://github.com/nocodb/nocodb
260,634224458,gpt-engineer,AntonOsika/gpt-engineer,54022,7089,Python,MIT,2023-04-29 12:52:15+00:00,2025-04-28 23:57:26+00:00,2024-11-17 22:47:32+00:00,20607,37,https://github.com/AntonOsika/gpt-engineer
261,114747226,faceswap,deepfakes/faceswap,53758,13370,Python,GPL-3.0,2017-12-19 09:44:13+00:00,2025-04-28 16:27:23+00:00,2025-02-26 17:55:37+00:00,203576,38,https://github.com/deepfakes/faceswap
262,575340621,ChatGPT,lencx/ChatGPT,53722,6078,Rust,,2022-12-07 09:43:02+00:00,2025-04-28 23:32:02+00:00,2024-08-29 17:58:11+00:00,32499,822,https://github.com/lencx/ChatGPT
263,264818686,yolov5,ultralytics/yolov5,53612,16859,Python,AGPL-3.0,2020-05-18 03:45:11+00:00,2025-04-28 23:37:38+00:00,2025-04-17 22:43:22+00:00,16614,253,https://github.com/ultralytics/yolov5
264,771302083,OpenHands,All-Hands-AI/OpenHands,53555,5988,Python,MIT,2024-03-13 03:33:31+00:00,2025-04-29 00:31:23+00:00,2025-04-29 00:39:30+00:00,193932,288,https://github.com/All-Hands-AI/OpenHands
265,138547797,mkcert,FiloSottile/mkcert,53273,2797,Go,BSD-3-Clause,2018-06-25 05:33:03+00:00,2025-04-28 22:42:07+00:00,2024-08-13 13:37:46+00:00,1799,154,https://github.com/FiloSottile/mkcert
266,74627617,openpilot,commaai/openpilot,53196,9660,Python,MIT,2016-11-24 01:33:30+00:00,2025-04-28 23:45:41+00:00,2025-04-29 00:25:46+00:00,1199356,159,https://github.com/commaai/openpilot
267,1700621,normalize.css,necolas/normalize.css,53076,10590,CSS,MIT,2011-05-04 10:20:25+00:00,2025-04-28 17:32:42+00:00,2024-06-12 20:36:06+00:00,379,83,https://github.com/necolas/normalize.css
268,33263118,uBlock,gorhill/uBlock,53030,3464,JavaScript,GPL-3.0,2015-04-01 17:51:11+00:00,2025-04-29 00:14:26+00:00,2025-04-28 21:57:07+00:00,157177,16,https://github.com/gorhill/uBlock
269,1362490,requests,psf/requests,52801,9437,Python,Apache-2.0,2011-02-13 18:38:17+00:00,2025-04-28 20:21:51+00:00,2025-04-28 17:36:22+00:00,13158,281,https://github.com/psf/requests
270,67702184,Magisk,topjohnwu/Magisk,52490,13745,C++,GPL-3.0,2016-09-08 12:42:53+00:00,2025-04-29 00:22:20+00:00,2025-04-29 00:22:16+00:00,60850,47,https://github.com/topjohnwu/Magisk
271,130464961,bat,sharkdp/bat,52360,1290,Rust,Apache-2.0,2018-04-21 10:52:23+00:00,2025-04-28 23:38:12+00:00,2025-04-15 18:55:35+00:00,32928,359,https://github.com/sharkdp/bat
272,28428729,awesome-android-ui,wasabeef/awesome-android-ui,52310,10221,,MIT,2014-12-24 01:45:03+00:00,2025-04-28 23:45:36+00:00,2024-07-06 09:06:23+00:00,871781,33,https://github.com/wasabeef/awesome-android-ui
273,254832799,hackingtool,Z4nzu/hackingtool,52266,5631,Python,MIT,2020-04-11 09:21:31+00:00,2025-04-28 23:40:10+00:00,2025-03-03 15:17:19+00:00,1367,58,https://github.com/Z4nzu/hackingtool
274,102969245,project-layout,golang-standards/project-layout,52085,5313,Makefile,NOASSERTION,2017-09-09 16:33:26+00:00,2025-04-29 00:39:31+00:00,2025-01-14 03:24:13+00:00,584,92,https://github.com/golang-standards/project-layout
275,29261473,minio,minio/minio,52082,5791,Go,AGPL-3.0,2015-01-14 19:23:58+00:00,2025-04-28 23:17:10+00:00,2025-04-28 04:19:38+00:00,134228,44,https://github.com/minio/minio
276,180328715,zustand,pmndrs/zustand,51945,1658,TypeScript,MIT,2019-04-09 09:10:06+00:00,2025-04-28 23:50:25+00:00,2025-04-25 11:25:37+00:00,7442,7,https://github.com/pmndrs/zustand
277,53631945,ripgrep,BurntSushi/ripgrep,51928,2111,Rust,Unlicense,2016-03-11 02:02:33+00:00,2025-04-28 23:38:05+00:00,2025-04-10 14:55:38+00:00,4980,178,https://github.com/BurntSushi/ripgrep
278,220809393,rich,Textualize/rich,51864,1825,Python,MIT,2019-11-10 15:28:09+00:00,2025-04-28 21:02:09+00:00,2025-03-30 14:35:14+00:00,50163,284,https://github.com/Textualize/rich
279,695864515,Deep-Live-Cam,hacksider/Deep-Live-Cam,51723,7637,Python,AGPL-3.0,2023-09-24 13:19:31+00:00,2025-04-29 00:36:34+00:00,2025-04-19 19:02:23+00:00,155759,33,https://github.com/hacksider/Deep-Live-Cam
280,699532645,uv,astral-sh/uv,51705,1455,Rust,Apache-2.0,2023-10-02 20:24:11+00:00,2025-04-29 00:38:05+00:00,2025-04-28 20:51:24+00:00,95564,1696,https://github.com/astral-sh/uv
281,12256376,ionic-framework,ionic-team/ionic-framework,51667,13469,TypeScript,MIT,2013-08-20 23:06:02+00:00,2025-04-28 18:09:43+00:00,2025-04-29 00:30:05+00:00,1477356,561,https://github.com/ionic-team/ionic-framework
282,20619036,pi-hole,pi-hole/pi-hole,51644,2813,Shell,NOASSERTION,2014-06-08 15:02:55+00:00,2025-04-28 23:41:04+00:00,2025-04-28 19:10:40+00:00,8610,67,https://github.com/pi-hole/pi-hole
283,24953448,material-design-icons,google/material-design-icons,51459,9643,,Apache-2.0,2014-10-08 18:01:28+00:00,2025-04-28 23:45:26+00:00,2025-04-11 02:45:57+00:00,4099569,353,https://github.com/google/material-design-icons
284,9309093,Semantic-UI,Semantic-Org/Semantic-UI,51163,4924,JavaScript,MIT,2013-04-08 23:32:04+00:00,2025-04-28 23:09:31+00:00,2024-11-27 21:01:48+00:00,113201,1077,https://github.com/Semantic-Org/Semantic-UI
285,130688011,meilisearch,meilisearch/meilisearch,50853,2010,Rust,MIT,2018-04-23 11:45:28+00:00,2025-04-28 23:32:08+00:00,2025-04-24 14:59:20+00:00,72472,230,https://github.com/meilisearch/meilisearch
286,348060227,astro,withastro/astro,50756,2710,TypeScript,NOASSERTION,2021-03-15 17:19:47+00:00,2025-04-28 20:26:37+00:00,2025-04-28 20:34:36+00:00,195267,203,https://github.com/withastro/astro
287,20300177,guava,google/guava,50718,10983,Java,Apache-2.0,2014-05-29 16:23:17+00:00,2025-04-28 23:06:59+00:00,2025-04-23 12:29:41+00:00,557975,712,https://github.com/google/guava
288,730534580,ragflow,infiniflow/ragflow,50702,4803,TypeScript,Apache-2.0,2023-12-12 06:13:13+00:00,2025-04-29 00:37:26+00:00,2025-04-28 13:20:41+00:00,75893,1980,https://github.com/infiniflow/ragflow
289,1663468,pdf.js,mozilla/pdf.js,50584,10278,JavaScript,Apache-2.0,2011-04-26 06:32:03+00:00,2025-04-29 00:25:54+00:00,2025-04-28 11:14:51+00:00,158968,397,https://github.com/mozilla/pdf.js
290,18708860,github-cheat-sheet,tiimgreen/github-cheat-sheet,50530,5305,,MIT,2014-04-12 16:38:42+00:00,2025-04-28 23:41:04+00:00,2024-04-15 20:15:56+00:00,776,40,https://github.com/tiimgreen/github-cheat-sheet
291,133251103,dive,wagoodman/dive,50493,1869,Go,MIT,2018-05-13 15:44:01+00:00,2025-04-28 22:48:55+00:00,2025-04-24 01:36:14+00:00,6930,158,https://github.com/wagoodman/dive
292,3432266,kotlin,JetBrains/kotlin,50422,5896,Kotlin,,2012-02-13 17:29:58+00:00,2025-04-28 23:38:24+00:00,2025-04-28 21:36:08+00:00,3896587,183,https://github.com/JetBrains/kotlin
293,75104123,prettier,prettier/prettier,50344,4491,JavaScript,MIT,2016-11-29 17:13:37+00:00,2025-04-28 19:28:00+00:00,2025-04-28 19:27:58+00:00,150423,1446,https://github.com/prettier/prettier
294,269336148,Docker-OSX,sickcodes/Docker-OSX,50283,2804,Shell,GPL-3.0,2020-06-04 11:01:37+00:00,2025-04-28 23:26:41+00:00,2025-03-30 11:05:11+00:00,13710,396,https://github.com/sickcodes/Docker-OSX
295,773286980,grok-1,xai-org/grok-1,50242,8346,Python,Apache-2.0,2024-03-17 08:53:38+00:00,2025-04-28 19:06:08+00:00,2024-08-30 04:17:25+00:00,1008,119,https://github.com/xai-org/grok-1
296,519859998,AFFiNE,toeverything/AFFiNE,50222,3310,TypeScript,NOASSERTION,2022-07-31 18:45:21+00:00,2025-04-28 23:59:47+00:00,2025-04-28 15:48:28+00:00,511622,536,https://github.com/toeverything/AFFiNE
297,17803236,rclone,rclone/rclone,50066,4462,Go,MIT,2014-03-16 16:19:57+00:00,2025-04-28 23:55:24+00:00,2025-04-28 08:19:35+00:00,203490,1132,https://github.com/rclone/rclone
298,21938243,awesome-rust,rust-unofficial/awesome-rust,50041,2890,Rust,CC0-1.0,2014-07-17 10:45:10+00:00,2025-04-28 23:46:11+00:00,2025-04-27 14:36:09+00:00,7430,11,https://github.com/rust-unofficial/awesome-rust
